name	ungapped_len	gap_frac	ambig_frac	identity_to_consensus	flag	stops_in_aln_frame
PX480085|pinniped|2025.455	467	0.8532369578881207	0.0	0.4261241970021413	mostly_gaps;low_identity	0
PQ311665|domestic_dog|2017.844	555	0.8255813953488372	0.0	0.44684684684684683	mostly_gaps;low_identity	0
LC901456|other|2025.501	435	0.8632935260842237	0.0	0.4482758620689655	mostly_gaps;low_identity;internal_stop	5
LC901457|other|2025.501	435	0.8632935260842237	0.0	0.4482758620689655	mostly_gaps;low_identity;internal_stop	5
PQ311666|domestic_dog|2022.556	555	0.8255813953488372	0.0	0.45225225225225224	mostly_gaps;low_identity	0
LC945030|domestic_dog|2026.479	425	0.866436203645506	0.0	0.4682352941176471	mostly_gaps;low_identity	0
LC945031|domestic_dog|2026.545	425	0.866436203645506	0.0	0.4682352941176471	mostly_gaps;low_identity	0
LC945032|domestic_dog|2026.586	425	0.866436203645506	0.0	0.4682352941176471	mostly_gaps;low_identity	0
PQ311662|domestic_dog|2022.556	600	0.8114393463230672	0.0	0.4683333333333333	mostly_gaps;low_identity	0
PQ311661|domestic_dog|2017.844	600	0.8114393463230672	0.0	0.47	mostly_gaps;low_identity	0
LC113940|domestic_dog|2015.500	404	0.8730358265241986	0.0	0.47029702970297027	mostly_gaps;low_identity;internal_stop	5
LC106035|domestic_dog|2015.500	404	0.8730358265241986	0.0	0.47277227722772275	mostly_gaps;low_identity;internal_stop	5
LC136921|domestic_dog|2015.285	404	0.8730358265241986	0.0	0.47277227722772275	mostly_gaps;low_identity;internal_stop	5
LC113939|domestic_dog|2015.500	404	0.8730358265241986	0.0	0.47277227722772275	mostly_gaps;low_identity;internal_stop	5
LC106034|domestic_dog|2015.500	404	0.8730358265241986	0.0	0.47277227722772275	mostly_gaps;low_identity;internal_stop	5
LC106033|domestic_dog|2015.500	404	0.8730358265241986	0.0	0.47277227722772275	mostly_gaps;low_identity;internal_stop	4
LC113941|domestic_dog|2015.500	404	0.8730358265241986	0.0	0.47277227722772275	mostly_gaps;low_identity;internal_stop	5
KP711848|wild_felid|2008.842	573	0.8199245757385293	0.0	0.47294938917975565	mostly_gaps;low_identity;internal_stop	16
KP711846|wild_felid|2007.477	573	0.8199245757385293	0.0	0.47294938917975565	mostly_gaps;low_identity;internal_stop	16
KP711849|wild_felid|2008.842	573	0.8199245757385293	0.0	0.47469458987783597	mostly_gaps;low_identity;internal_stop	16
KP711847|wild_felid|2007.455	573	0.8199245757385293	0.0	0.47469458987783597	mostly_gaps;low_identity;internal_stop	16
KP711845|wild_felid|2006.529	573	0.8199245757385293	0.0	0.47469458987783597	mostly_gaps;low_identity;internal_stop	16
KP711850|wild_felid|2008.885	573	0.8199245757385293	0.0	0.47469458987783597	mostly_gaps;low_identity;internal_stop	16
MN335918|other|1994.501	587	0.8155248271527341	0.0	0.47700170357751276	mostly_gaps;low_identity	0
KM979343|mustelid|2014.537	405	0.8727215587680704	0.0	0.49135802469135803	mostly_gaps;low_identity	0
KM873759|mustelid|2014.537	405	0.8727215587680704	0.0	0.49135802469135803	mostly_gaps;low_identity	0
KU341104|domestic_dog|2014.600	475	0.8507228158390949	0.0	0.5031578947368421	mostly_gaps;low_identity	0
LC011104|domestic_dog|2013.310	1270	0.600879949717159	0.0	0.5039370078740157	mostly_gaps;low_identity;internal_stop	32
KU196806|domestic_dog|2014.500	405	0.8727215587680704	0.0	0.5061728395061729	mostly_gaps;low_identity	0
KU341102|domestic_dog|2014.600	545	0.8287240729101194	0.0	0.5064220183486239	mostly_gaps;low_identity;internal_stop	15
KU341103|domestic_dog|2014.638	735	0.7690131992457574	0.0	0.508843537414966	mostly_gaps;low_identity	0
GU001865|wild_felid|2005.500	633	0.8010685103708359	0.0	0.5134281200631912	mostly_gaps;low_identity;internal_stop	20
KU341105|domestic_dog|2014.600	741	0.767127592708988	0.0	0.5141700404858299	mostly_gaps;low_identity	0
KU196805|domestic_dog|2014.500	405	0.8727215587680704	0.0	0.5160493827160494	mostly_gaps;low_identity	0
KU196804|domestic_dog|2014.500	405	0.8727215587680704	0.0	0.5160493827160494	mostly_gaps;low_identity	0
PZ270057|domestic_dog|2026.288	807	0.7463859208045255	0.0	0.5241635687732342	mostly_gaps;low_identity	0
EU715249|wild_canid|2006.647	829	0.7394720301697046	0.0	0.5247285886610374	mostly_gaps;low_identity;internal_stop	28
EU716319|wild_canid|2007.584	829	0.7394720301697046	0.0	0.5247285886610374	mostly_gaps;low_identity;internal_stop	28
EU716321|wild_canid|2007.518	829	0.7394720301697046	0.0	0.525934861278649	mostly_gaps;low_identity;internal_stop	28
EU716322|wild_canid|2007.553	829	0.7394720301697046	0.0	0.525934861278649	mostly_gaps;low_identity;internal_stop	28
PQ843393|wild_canid|2022.500	644	0.7976115650534256	0.0	0.5263975155279503	mostly_gaps;low_identity;internal_stop	12
PZ270056|domestic_dog|2026.123	807	0.7463859208045255	0.0	0.5266418835192069	mostly_gaps;low_identity	0
EU716317|wild_canid|2007.019	829	0.7394720301697046	0.0	0.5271411338962606	mostly_gaps;low_identity;internal_stop	27
EU716320|wild_canid|2007.584	829	0.7394720301697046	0.0	0.5271411338962606	mostly_gaps;low_identity;internal_stop	28
PX404827|domestic_dog|2025.537	807	0.7463859208045255	0.0	0.5291201982651796	mostly_gaps;low_identity	0
EU715247|mustelid|2006.658	829	0.7394720301697046	0.0	0.5295536791314838	mostly_gaps;low_identity;internal_stop	26
PX404826|domestic_dog|2025.455	807	0.7463859208045255	0.0	0.530359355638166	mostly_gaps;low_identity	0
EU716318|wild_canid|2007.540	829	0.7394720301697046	0.0	0.5307599517490953	mostly_gaps;low_identity;internal_stop	27
EU715248|mustelid|2006.658	829	0.7394720301697046	0.0	0.5307599517490953	mostly_gaps;low_identity;internal_stop	26
PQ843401|wild_felid|2023.500	496	0.8441231929604023	0.0	0.5403225806451613	mostly_gaps;low_identity;internal_stop	13
PQ843400|wild_canid|2022.500	499	0.8431803896920176	0.0	0.5410821643286573	mostly_gaps;low_identity	0
PQ869760|wild_felid|2022.500	499	0.8431803896920176	0.0	0.5410821643286573	mostly_gaps;low_identity;internal_stop	17
MW669854|domestic_dog|2020.205	468	0.8529226901319925	0.0	0.5470085470085471	mostly_gaps;low_identity	0
MW669853|domestic_dog|2020.205	606	0.809553739786298	0.0	0.5478547854785478	mostly_gaps;low_identity	0
MW669855|domestic_dog|2020.205	606	0.809553739786298	0.0	0.5511551155115512	mostly_gaps;low_identity	0
MW669851|domestic_dog|2020.205	615	0.8067253299811439	0.0	0.551219512195122	mostly_gaps;low_identity	0
MW669856|domestic_dog|2020.205	612	0.8076681332495286	0.0	0.5522875816993464	mostly_gaps;low_identity	0
MW669852|domestic_dog|2020.205	612	0.8076681332495286	0.0	0.553921568627451	mostly_gaps;low_identity	0
MT129624|wild_felid|2018.249	509	0.8400377121307354	0.0	0.5540275049115914	mostly_gaps;low_identity	0
AB619776|wild_canid|2009.956	721	0.7734129478315525	0.0	0.5686546463245492	mostly_gaps;low_identity	0
AB619777|wild_felid|2010.189	721	0.7734129478315525	0.0	0.5686546463245492	mostly_gaps;low_identity	0
PP586092|domestic_dog|2023.500	1524	0.5210559396605908	0.0	0.594488188976378	mostly_gaps;low_identity	0
PP586093|domestic_dog|2023.500	1524	0.5210559396605908	0.0	0.594488188976378	mostly_gaps;low_identity	0
JF343963|domestic_dog|2009.800	1524	0.5210559396605908	0.0	0.5964566929133859	mostly_gaps;low_identity	0
KJ415361|wild_canid|2011.500	1524	0.5210559396605908	0.0	0.6089238845144357	mostly_gaps;low_identity	0
KJ415363|wild_canid|2007.500	1524	0.5210559396605908	0.0	0.6095800524934383	mostly_gaps;low_identity	0
KJ415358|domestic_dog|1994.500	1524	0.5210559396605908	0.0	0.6108923884514436	mostly_gaps;low_identity	0
KJ415359|other|1994.500	1524	0.5210559396605908	0.0	0.6122047244094488	mostly_gaps;low_identity	0
KJ415360|other|1994.500	1524	0.5210559396605908	0.0	0.613517060367454	mostly_gaps;low_identity	0
KJ415357|wild_canid|1994.500	1524	0.5210559396605908	0.0	0.613517060367454	mostly_gaps;low_identity	0
KJ415362|wild_felid|1994.500	1524	0.5210559396605908	0.0	0.6141732283464567	mostly_gaps;low_identity	0
KU578258|other|1993.500	1535	0.5175989943431804	0.0	0.6149837133550489	mostly_gaps;low_identity;internal_stop	17
LC011105|domestic_dog|2013.310	1645	0.48302954116907604	0.0	0.6249240121580547	low_identity;internal_stop	50
KY057356|domestic_dog|2016.500	1987	0.37554996857322437	0.0	0.6336185203824861	low_identity;internal_stop	50
KP064127|wild_canid|2007.500	1989	0.3749214330609679	0.0	0.6344896933132227	low_identity	0
KP064128|wild_canid|2008.500	1989	0.3749214330609679	0.0	0.6390145801910507	low_identity	0
KP064126|wild_canid|2007.500	1989	0.3749214330609679	0.0	0.6405228758169934	low_identity	0
OP561508|domestic_dog|2020.331	1850	0.4186046511627907	0.0	0.6405405405405405	low_identity	0
OP561519|domestic_dog|2020.331	1850	0.4186046511627907	0.0	0.6405405405405405	low_identity	0
EU327874|wild_canid|2007.500	1989	0.3749214330609679	0.0	0.6410256410256411	low_identity	0
OP561506|domestic_dog|2020.331	1850	0.4186046511627907	0.0	0.6410810810810811	low_identity	0
OP561507|domestic_dog|2020.331	1850	0.4186046511627907	0.0	0.6421621621621622	low_identity	0
OP561515|domestic_dog|2020.331	1850	0.4186046511627907	0.0	0.6421621621621622	low_identity	0
OP561492|domestic_dog|2020.331	1850	0.4186046511627907	0.0	0.6421621621621622	low_identity	0
OP561509|domestic_dog|2020.331	1850	0.4186046511627907	0.0	0.6427027027027027	low_identity	0
OP561511|domestic_dog|2020.331	1850	0.4186046511627907	0.0	0.6437837837837838	low_identity	0
OP561513|domestic_dog|2020.331	1850	0.4186046511627907	0.0	0.6443243243243243	low_identity	0
OP561491|domestic_dog|2020.331	1850	0.4186046511627907	0.0	0.6443243243243243	low_identity	0
OP561517|domestic_dog|2020.331	1850	0.4186046511627907	0.0	0.6443243243243243	low_identity	0
OP561512|domestic_dog|2020.331	1850	0.4186046511627907	0.0	0.6443243243243243	low_identity	0
OP561518|domestic_dog|2020.331	1850	0.4186046511627907	0.0	0.6443243243243243	low_identity	0
OP561510|domestic_dog|2020.331	1850	0.4186046511627907	0.0	0.6443243243243243	low_identity	0
OP561514|domestic_dog|2020.331	1850	0.4186046511627907	0.0	0.6443243243243243	low_identity	0
OP561503|domestic_dog|2020.331	1850	0.4186046511627907	0.0	0.6443243243243243	low_identity	0
OP561505|domestic_dog|2020.331	1850	0.4186046511627907	0.0	0.6443243243243243	low_identity	0
OP561490|domestic_dog|2020.331	1850	0.4186046511627907	0.0	0.6443243243243243	low_identity	0
OP561516|domestic_dog|2020.331	1850	0.4186046511627907	0.0	0.6448648648648648	low_identity	0
OP561498|domestic_dog|2020.331	1850	0.4186046511627907	0.0	0.6448648648648648	low_identity	0
OP561496|domestic_dog|2020.331	1850	0.4186046511627907	0.0	0.6454054054054054	low_identity	0
OP561493|domestic_dog|2020.331	1850	0.4186046511627907	0.0	0.6454054054054054	low_identity	0
OP561504|domestic_dog|2020.331	1850	0.4186046511627907	0.0	0.6459459459459459	low_identity	0
OP561495|domestic_dog|2020.331	1850	0.4186046511627907	0.0	0.6459459459459459	low_identity	0
OP561500|domestic_dog|2020.331	1850	0.4186046511627907	0.0	0.6459459459459459	low_identity	0
OP561497|domestic_dog|2020.331	1850	0.4186046511627907	0.0	0.6459459459459459	low_identity	0
OP561502|domestic_dog|2020.331	1850	0.4186046511627907	0.0	0.6464864864864864	low_identity	0
OP561499|domestic_dog|2020.331	1850	0.4186046511627907	0.0	0.6470270270270271	low_identity	0
OP561501|domestic_dog|2020.331	1850	0.4186046511627907	0.0	0.6470270270270271	low_identity	0
OP561494|domestic_dog|2020.331	1850	0.4186046511627907	0.0	0.6481081081081081	low_identity	0
MN702775|domestic_dog|2019.500	930	0.7077309868007542	0.0	0.6580645161290323	mostly_gaps;low_identity	0
MH651730|mustelid|2017.660	1490	0.5317410433689503	0.0	0.6610738255033557	mostly_gaps;low_identity	0
JX876869|domestic_dog|2011.500	906	0.7152734129478315	0.0	0.6622516556291391	mostly_gaps;low_identity	0
MH651728|mustelid|2016.973	1491	0.5314267756128221	0.0	0.6626425217974514	mostly_gaps;low_identity	0
MH651727|mustelid|2016.973	1491	0.5314267756128221	0.0	0.6626425217974514	mostly_gaps;low_identity	0
MH651729|mustelid|2017.301	1491	0.5314267756128221	0.0	0.664654594232059	mostly_gaps;low_identity	0
JX876878|domestic_dog|2011.500	906	0.7152734129478315	0.0	0.6677704194260485	mostly_gaps;low_identity	0
JX876879|domestic_dog|2011.500	906	0.7152734129478315	0.0	0.6754966887417219	mostly_gaps;low_identity	0
JX876887|domestic_dog|2010.500	906	0.7152734129478315	0.0	0.6766004415011038	mostly_gaps;low_identity	0
JX876874|domestic_dog|2011.500	906	0.7152734129478315	0.0	0.6799116997792495	mostly_gaps;low_identity	0
JX876886|domestic_dog|2011.500	906	0.7152734129478315	0.0	0.6810154525386314	mostly_gaps;low_identity	0
JX876892|domestic_dog|2009.500	906	0.7152734129478315	0.0	0.6810154525386314	mostly_gaps;low_identity	0
JX876870|domestic_dog|2011.500	906	0.7152734129478315	0.0	0.6821192052980133	mostly_gaps;low_identity	0
JX876885|domestic_dog|2011.500	906	0.7152734129478315	0.0	0.6821192052980133	mostly_gaps;low_identity	0
JX876889|domestic_dog|2010.500	906	0.7152734129478315	0.0	0.6832229580573952	mostly_gaps;low_identity	0
JX876881|domestic_dog|2011.500	810	0.7454431175361408	0.0	0.6888888888888889	mostly_gaps;low_identity	0
JX876883|domestic_dog|2011.500	906	0.7152734129478315	0.0	0.6898454746136865	mostly_gaps;low_identity	0
JX876890|domestic_dog|2010.500	906	0.7152734129478315	0.0	0.6964679911699779	mostly_gaps;low_identity	0
JX876875|domestic_dog|2010.500	906	0.7152734129478315	0.0	0.6964679911699779	mostly_gaps;low_identity	0
JX876882|domestic_dog|2011.500	906	0.7152734129478315	0.0	0.6986754966887417	mostly_gaps;low_identity	0
JX876868|domestic_dog|2011.500	906	0.7152734129478315	0.0	0.6997792494481236	mostly_gaps;low_identity	0
JX876876|domestic_dog|2010.500	906	0.7152734129478315	0.0	0.6997792494481236	mostly_gaps;low_identity	0
JX876872|domestic_dog|2011.500	906	0.7152734129478315	0.0	0.6997792494481236	mostly_gaps;low_identity	0
JX876888|domestic_dog|2009.500	906	0.7152734129478315	0.0	0.6997792494481236	mostly_gaps;low_identity	0
JX876880|domestic_dog|2011.500	906	0.7152734129478315	0.0	0.7008830022075055	mostly_gaps;low_identity	0
JX876877|domestic_dog|2011.500	906	0.7152734129478315	0.0	0.7008830022075055	mostly_gaps;low_identity	0
JX876891|domestic_dog|2009.500	906	0.7152734129478315	0.0	0.7008830022075055	mostly_gaps;low_identity	0
JX876871|domestic_dog|2010.500	906	0.7152734129478315	0.0	0.7030905077262694	mostly_gaps;low_identity	0
JX876873|domestic_dog|2011.500	906	0.7152734129478315	0.0	0.7041942604856513	mostly_gaps;low_identity	0
MT274646|domestic_dog|2018.500	429	0.8651791326209931	0.0	0.7062937062937062	mostly_gaps;low_identity;internal_stop	7
KC415045|viverrid|2011.707	918	0.7115021998742929	0.0	0.7080610021786492	mostly_gaps;low_identity	0
KC415043|viverrid|2011.707	918	0.7115021998742929	0.0	0.7080610021786492	mostly_gaps;low_identity	0
KC415044|viverrid|2011.707	918	0.7115021998742929	0.0	0.7080610021786492	mostly_gaps;low_identity	0
KC415037|viverrid|2011.707	918	0.7115021998742929	0.0	0.7080610021786492	mostly_gaps;low_identity	0
KC415039|viverrid|2011.707	918	0.7115021998742929	0.0	0.7080610021786492	mostly_gaps;low_identity	0
KC415038|viverrid|2011.707	918	0.7115021998742929	0.0	0.7080610021786492	mostly_gaps;low_identity	0
KC415040|viverrid|2011.707	918	0.7115021998742929	0.0	0.7080610021786492	mostly_gaps;low_identity	0
KC415041|viverrid|2011.707	918	0.7115021998742929	0.0	0.7080610021786492	mostly_gaps;low_identity	0
KC415042|viverrid|2011.707	918	0.7115021998742929	0.0	0.7091503267973857	mostly_gaps;low_identity	0
MK423860|domestic_dog|2018.537	1824	0.42677561282212445	0.0	0.7149122807017544	low_identity	0
JX876884|domestic_dog|2011.500	780	0.7548711502199874	0.0	0.7230769230769231	mostly_gaps;low_identity	0
PV102958|pinniped|2024.809	1824	0.42677561282212445	0.0	0.8596491228070176		0
PZ055871|pinniped|2020.500	1430	0.5505971087366436	0.4083916083916084	0.8699763593380615	mostly_gaps;ambiguous>5%;internal_stop	16
PV551159|domestic_dog|2019.500	489	0.8463230672532999	0.0	0.8997955010224948	mostly_gaps	0
PV551172|domestic_dog|2021.500	487	0.8469516027655563	0.0	0.9034907597535934	mostly_gaps;internal_stop	6
MW358495|wild_canid|2015.500	539	0.8306096794468888	0.0	0.9035250463821892	mostly_gaps;internal_stop	1
PV551184|domestic_dog|2022.500	489	0.8463230672532999	0.0	0.9079754601226994	mostly_gaps	0
PV551183|domestic_dog|2022.500	489	0.8463230672532999	0.0	0.9079754601226994	mostly_gaps	0
MW358494|wild_canid|2015.500	538	0.830923947203017	0.0	0.9089219330855018	mostly_gaps;internal_stop	7
PV551174|domestic_dog|2021.500	489	0.8463230672532999	0.0	0.9141104294478528	mostly_gaps	0
OQ442787|pinniped|2008.874	1824	0.42677561282212445	0.0	0.9144736842105263		0
OQ442788|pinniped|2008.874	1824	0.42677561282212445	0.0	0.9144736842105263		0
PP498881|domestic_dog|2023.000	554	0.8258956631049654	0.0	0.9151624548736462	mostly_gaps	0
MN267065|pinniped|2000.500	1824	0.42677561282212445	0.0	0.9155701754385965		0
MN267064|pinniped|2000.500	1824	0.42677561282212445	0.0	0.9155701754385965		0
MN267066|pinniped|2000.500	1824	0.42677561282212445	0.0	0.9161184210526315		0
EU743935|wild_canid|2005.288	1824	0.42677561282212445	0.0	0.9166666666666666		0
PP498874|domestic_dog|2023.000	554	0.8258956631049654	0.0	0.9169675090252708	mostly_gaps	0
PP498875|domestic_dog|2023.000	554	0.8258956631049654	0.0	0.9169675090252708	mostly_gaps	0
PP498890|domestic_dog|2023.000	554	0.8258956631049654	0.0	0.9169675090252708	mostly_gaps	0
MG990935|wild_felid|2016.128	521	0.8362664990571967	0.0	0.9174664107485605	mostly_gaps;internal_stop	11
MH053386|wild_felid|2015.370	513	0.8387806411062225	0.0	0.9181286549707602	mostly_gaps	0
PV551157|domestic_dog|2019.500	489	0.8463230672532999	0.0	0.918200408997955	mostly_gaps	0
EU743934|domestic_dog|2004.205	1824	0.42677561282212445	0.0	0.918859649122807		0
PV551168|domestic_dog|2020.500	487	0.8469516027655563	0.0	0.919917864476386	mostly_gaps;internal_stop	7
OL441593|mustelid|2019.500	1824	0.42677561282212445	0.0	0.9210526315789473		0
OL441594|mustelid|2019.500	1824	0.42677561282212445	0.0	0.9216008771929824		0
OL441592|mustelid|2019.500	1824	0.42677561282212445	0.0	0.9221491228070176		0
PV551190|domestic_dog|2023.500	489	0.8463230672532999	0.0	0.9222903885480572	mostly_gaps	0
OR612055|mustelid|2022.688	1077	0.6615336266499057	0.0	0.9238625812441968	mostly_gaps	0
PV551173|domestic_dog|2021.500	486	0.8472658705216844	0.0	0.9259259259259259	mostly_gaps	0
OK666902|mustelid|2016.500	1338	0.57950974230044	0.0	0.9275037369207773	mostly_gaps	0
OK666903|mustelid|2017.500	1338	0.57950974230044	0.0	0.9275037369207773	mostly_gaps	0
KU983530|domestic_dog|2014.789	456	0.8566939032055311	0.0	0.9276315789473685	mostly_gaps	0
OK666899|mustelid|2013.500	1338	0.57950974230044	0.0	0.9282511210762332	mostly_gaps	0
OK666892|mustelid|2013.500	1338	0.57950974230044	0.0	0.9282511210762332	mostly_gaps	0
OK666896|mustelid|2013.500	1338	0.57950974230044	0.0	0.9282511210762332	mostly_gaps	0
OK666897|mustelid|2013.500	1338	0.57950974230044	0.0	0.9282511210762332	mostly_gaps	0
OK666895|mustelid|2013.500	1338	0.57950974230044	0.0	0.9282511210762332	mostly_gaps	0
OK666891|mustelid|2009.500	1338	0.57950974230044	0.0	0.9282511210762332	mostly_gaps	0
OK666898|mustelid|2013.500	1338	0.57950974230044	0.0	0.9282511210762332	mostly_gaps	0
MF964184|domestic_dog|2016.500	1824	0.42677561282212445	0.0	0.9287280701754386		0
OK666894|mustelid|2013.500	1338	0.57950974230044	0.0	0.9289985052316891	mostly_gaps	0
OQ282906|domestic_dog|2021.003	1787	0.43840351979886866	0.0	0.9294907666480134	internal_stop	38
OK666893|mustelid|2013.500	1338	0.57950974230044	0.0	0.929745889387145	mostly_gaps	0
KC667067|domestic_dog|2012.787	1812	0.4305468258956631	0.0	0.9299116997792495		0
KR074995|ailurid|2012.661	1812	0.4305468258956631	0.0	0.9299116997792495		0
OK666873|mustelid|2015.500	1338	0.57950974230044	0.0	0.9304932735426009	mostly_gaps	0
OR612054|mustelid|2022.723	1772	0.44311753614079197	0.0	0.9311512415349887		0
OQ282907|domestic_dog|2021.003	1787	0.43840351979886866	0.0	0.9311695579182988	internal_stop	38
JN604435|domestic_dog|2010.773	497	0.8438089252042741	0.0	0.93158953722334	mostly_gaps	0
MF926601|domestic_dog|2016.790	1946	0.38843494657448147	0.0	0.9316546762589928	internal_stop	40
OR612053|mustelid|2022.679	1640	0.4846008799497172	0.0	0.9317073170731708	internal_stop	37
OQ282908|domestic_dog|2021.003	1787	0.43840351979886866	0.0	0.9317291550083939	internal_stop	39
PP316239|mustelid|2023.389	1758	0.44751728472658703	0.0	0.931740614334471		0
KU983533|domestic_dog|2014.874	456	0.8566939032055311	0.0	0.9320175438596491	mostly_gaps	0
MF926602|domestic_dog|2016.956	1946	0.38843494657448147	0.0	0.9321685508735869	internal_stop	40
MF926604|domestic_dog|2017.041	1946	0.38843494657448147	0.0	0.9321685508735869	internal_stop	40
MF926603|domestic_dog|2017.041	1946	0.38843494657448147	0.0	0.9321685508735869	internal_stop	40
PV551178|domestic_dog|2022.500	489	0.8463230672532999	0.0	0.9325153374233128	mostly_gaps	0
GQ332531|domestic_dog|2008.372	1824	0.42677561282212445	0.0	0.9331140350877193		0
PP316238|mustelid|2022.945	1789	0.4377749842866122	0.0	0.9334823923979877		0
KY774572|domestic_dog|2016.790	1824	0.42677561282212445	0.0	0.9336622807017544		0
FJ605455|domestic_dog|2008.454	1812	0.4305468258956631	0.0	0.9337748344370861		0
JX886779|domestic_dog|2011.500	1544	0.5147705845380264	0.0	0.9339378238341969	mostly_gaps	0
HQ403645|domestic_dog|2009.041	1824	0.42677561282212445	0.0	0.9342105263157895		0
MF467743|wild_canid|2016.500	1815	0.4296040226272784	0.0	0.934435261707989		0
FJ477089|pinniped|2007.288	1344	0.5776241357636707	0.0	0.9345238095238095	mostly_gaps	0
PV551148|domestic_dog|2019.500	489	0.8463230672532999	0.0	0.934560327198364	mostly_gaps	0
PV551171|domestic_dog|2021.500	489	0.8463230672532999	0.0	0.934560327198364	mostly_gaps	0
PV551177|domestic_dog|2021.500	489	0.8463230672532999	0.0	0.934560327198364	mostly_gaps	0
HM063009|mustelid|1989.500	1824	0.42677561282212445	0.0	0.9347587719298246		0
HM046486|pinniped|2007.500	1824	0.42677561282212445	0.0	0.9347587719298246		0
MF926598|domestic_dog|2016.708	1824	0.42677561282212445	0.0	0.9347587719298246		0
PQ625782|domestic_dog|2021.500	1824	0.42677561282212445	0.0	0.9347587719298246		0
FJ040791|domestic_dog|2008.369	1812	0.4305468258956631	0.0	0.934878587196468		0
FJ477090|domestic_dog|2007.370	1344	0.5776241357636707	0.0	0.9352678571428571	mostly_gaps	0
GQ328903|domestic_dog|2007.123	907	0.7149591451917033	0.0	0.9360529217199559	mostly_gaps;internal_stop	16
PV551162|domestic_dog|2020.500	489	0.8463230672532999	0.0	0.9366053169734151	mostly_gaps	0
OQ282905|domestic_dog|2021.003	1787	0.43840351979886866	0.0	0.9367655288192501	internal_stop	38
JN622007|domestic_dog|2010.773	1782	0.43997485857950974	0.0	0.9377104377104377		0
OQ282904|domestic_dog|2021.003	1787	0.43840351979886866	0.0	0.9378847229994404	internal_stop	38
AM903376|domestic_dog|2006.940	1824	0.42677561282212445	0.0	0.9380482456140351		0
KX159296|mustelid|2013.452	1815	0.4296040226272784	0.0	0.9382920110192837		0
OQ282903|domestic_dog|2021.003	1787	0.43840351979886866	0.0	0.9384443200895355	internal_stop	37
OP169071|domestic_dog|2021.003	1788	0.4380892520427404	0.0	0.9384787472035794		0
OP169070|domestic_dog|2021.003	1788	0.4380892520427404	0.0	0.9384787472035794		0
PV551167|domestic_dog|2020.500	489	0.8463230672532999	0.0	0.9386503067484663	mostly_gaps	0
PV551180|domestic_dog|2022.500	489	0.8463230672532999	0.0	0.9386503067484663	mostly_gaps	0
PV551179|domestic_dog|2022.500	489	0.8463230672532999	0.0	0.9386503067484663	mostly_gaps	0
PV551175|domestic_dog|2021.500	489	0.8463230672532999	0.0	0.9386503067484663	mostly_gaps	0
PV551166|domestic_dog|2020.500	489	0.8463230672532999	0.0	0.9386503067484663	mostly_gaps	0
PV551169|domestic_dog|2021.500	489	0.8463230672532999	0.0	0.9386503067484663	mostly_gaps	0
PV551176|domestic_dog|2021.500	489	0.8463230672532999	0.0	0.9386503067484663	mostly_gaps	0
LC945034|domestic_dog|2026.545	915	0.7124450031426776	0.0	0.9387978142076503	mostly_gaps;internal_stop	22
LC945035|domestic_dog|2026.586	915	0.7124450031426776	0.0	0.9387978142076503	mostly_gaps;internal_stop	22
LC945033|domestic_dog|2026.479	915	0.7124450031426776	0.0	0.9387978142076503	mostly_gaps;internal_stop	22
KX159295|mustelid|2013.452	1815	0.4296040226272784	0.0	0.9388429752066115		0
OP169069|domestic_dog|2021.003	1788	0.4380892520427404	0.0	0.9390380313199105		0
MZ504668|domestic_dog|2021.500	428	0.8654934003771213	0.0	0.9392523364485982	mostly_gaps;internal_stop	10
OL441599|mustelid|2019.500	1815	0.4296040226272784	0.0	0.9399449035812673		0
OL441597|mustelid|2019.500	1815	0.4296040226272784	0.0	0.9404958677685951		0
OL441598|mustelid|2019.500	1815	0.4296040226272784	0.0	0.9404958677685951		0
OL441600|mustelid|2019.500	1815	0.4296040226272784	0.0	0.9404958677685951		0
PP498868|domestic_dog|2023.000	555	0.8255813953488372	0.0	0.9405405405405406	mostly_gaps	0
PP498883|domestic_dog|2023.000	555	0.8255813953488372	0.0	0.9405405405405406	mostly_gaps	0
PX646775|domestic_dog|2017.216	489	0.8463230672532999	0.0	0.9406952965235174	mostly_gaps	0
PV551185|domestic_dog|2022.500	489	0.8463230672532999	0.0	0.9406952965235174	mostly_gaps	0
PV551187|domestic_dog|2022.500	489	0.8463230672532999	0.0	0.9406952965235174	mostly_gaps	0
PV551150|domestic_dog|2019.500	489	0.8463230672532999	0.0	0.9406952965235174	mostly_gaps	0
KU983528|domestic_dog|2014.789	456	0.8566939032055311	0.0	0.9407894736842105	mostly_gaps	0
KU552082|domestic_dog|1982.110	1824	0.42677561282212445	0.0	0.9407894736842105		0
OL441596|mustelid|2019.500	1815	0.4296040226272784	0.0	0.9415977961432507		0
OL441595|mustelid|2019.500	1815	0.4296040226272784	0.0	0.9415977961432507		0
PX991739|domestic_dog|2025.707	738	0.7680703959773727	0.0	0.9417344173441734	mostly_gaps;internal_stop	14
PP498882|domestic_dog|2023.000	555	0.8255813953488372	0.0	0.9423423423423424	mostly_gaps	0
OK666982|procyonid|2014.500	1338	0.57950974230044	0.0	0.9424514200298953	mostly_gaps	0
PV551186|domestic_dog|2022.500	489	0.8463230672532999	0.0	0.9427402862985685	mostly_gaps	0
PV551163|domestic_dog|2020.500	489	0.8463230672532999	0.0	0.9427402862985685	mostly_gaps	0
KU983538|domestic_dog|2014.956	456	0.8566939032055311	0.0	0.9429824561403509	mostly_gaps	0
KU983536|domestic_dog|2014.874	456	0.8566939032055311	0.0	0.9429824561403509	mostly_gaps	0
KU983532|domestic_dog|2014.874	456	0.8566939032055311	0.0	0.9429824561403509	mostly_gaps	0
MF467742|wild_canid|2016.500	1815	0.4296040226272784	0.0	0.943801652892562		0
PV551160|domestic_dog|2019.500	489	0.8463230672532999	0.0	0.9447852760736196	mostly_gaps	0
PV551165|domestic_dog|2020.500	489	0.8463230672532999	0.0	0.9447852760736196	mostly_gaps	0
PP498870|domestic_dog|2023.000	555	0.8255813953488372	0.0	0.9459459459459459	mostly_gaps	0
PX789680|domestic_dog|2023.123	1044	0.671904462602137	0.0	0.946360153256705	mostly_gaps;internal_stop	16
PQ611763|domestic_dog|2021.500	1824	0.42677561282212445	0.0	0.9468201754385965		0
PV551147|domestic_dog|2019.500	489	0.8463230672532999	0.0	0.9468302658486708	mostly_gaps	0
PV551181|domestic_dog|2022.500	489	0.8463230672532999	0.0	0.9468302658486708	mostly_gaps	0
PV551144|domestic_dog|2018.500	489	0.8463230672532999	0.0	0.9468302658486708	mostly_gaps	0
PV551142|domestic_dog|2018.500	489	0.8463230672532999	0.0	0.9468302658486708	mostly_gaps	0
PV551143|domestic_dog|2018.500	489	0.8463230672532999	0.0	0.9468302658486708	mostly_gaps	0
PV551158|domestic_dog|2019.500	489	0.8463230672532999	0.0	0.9468302658486708	mostly_gaps	0
PV551161|domestic_dog|2019.500	489	0.8463230672532999	0.0	0.9468302658486708	mostly_gaps	0
PV551141|domestic_dog|2018.500	489	0.8463230672532999	0.0	0.9468302658486708	mostly_gaps	0
PV551164|domestic_dog|2020.500	489	0.8463230672532999	0.0	0.9468302658486708	mostly_gaps	0
KU983526|domestic_dog|2014.789	456	0.8566939032055311	0.0	0.9473684210526315	mostly_gaps	0
KU983525|domestic_dog|2014.789	456	0.8566939032055311	0.0	0.9473684210526315	mostly_gaps	0
KU983534|domestic_dog|2015.123	456	0.8566939032055311	0.0	0.9473684210526315	mostly_gaps	0
OK184444|domestic_dog|2021.000	630	0.8020113136392206	0.0	0.9476190476190476	mostly_gaps	0
MF467739|wild_canid|2016.500	1815	0.4296040226272784	0.0	0.9476584022038568		0
JX406733|domestic_dog|2011.288	594	0.8133249528598366	0.0	0.9478114478114478	mostly_gaps	0
JX406740|domestic_dog|2011.288	594	0.8133249528598366	0.0	0.9478114478114478	mostly_gaps;internal_stop	8
JX406735|ursid|2011.288	594	0.8133249528598366	0.0	0.9478114478114478	mostly_gaps;internal_stop	8
JQ327708|wild_canid|2011.500	1824	0.42677561282212445	0.0	0.9484649122807017		0
PP151318|wild_canid|2023.500	1824	0.42677561282212445	0.0	0.9484649122807017		0
PV982274|domestic_dog|2025.500	546	0.8284098051539912	0.0	0.9487179487179487	mostly_gaps	0
MF467741|wild_canid|2016.500	1815	0.4296040226272784	0.0	0.9487603305785124		0
PP151317|wild_canid|2023.500	918	0.7115021998742929	0.0	0.94880174291939	mostly_gaps	0
PV551170|domestic_dog|2021.500	489	0.8463230672532999	0.0	0.9488752556237219	mostly_gaps	0
PV551155|domestic_dog|2019.500	489	0.8463230672532999	0.0	0.9488752556237219	mostly_gaps	0
PV551154|domestic_dog|2019.500	489	0.8463230672532999	0.0	0.9488752556237219	mostly_gaps	0
PV551153|domestic_dog|2019.500	489	0.8463230672532999	0.0	0.9488752556237219	mostly_gaps	0
PV551152|domestic_dog|2019.500	489	0.8463230672532999	0.0	0.9488752556237219	mostly_gaps	0
PV551151|domestic_dog|2019.500	489	0.8463230672532999	0.0	0.9488752556237219	mostly_gaps	0
PV551149|domestic_dog|2019.500	489	0.8463230672532999	0.0	0.9488752556237219	mostly_gaps	0
PV551146|domestic_dog|2019.500	489	0.8463230672532999	0.0	0.9488752556237219	mostly_gaps	0
PV551145|domestic_dog|2018.500	489	0.8463230672532999	0.0	0.9488752556237219	mostly_gaps	0
PV551156|domestic_dog|2019.500	489	0.8463230672532999	0.0	0.9488752556237219	mostly_gaps	0
PV551182|domestic_dog|2022.500	489	0.8463230672532999	0.0	0.9488752556237219	mostly_gaps	0
PV153711|domestic_dog|2022.500	1646	0.48271527341294784	0.0	0.9489671931956257		0
OK184445|domestic_dog|2021.000	630	0.8020113136392206	0.0	0.9492063492063492	mostly_gaps	0
OK184446|domestic_dog|2021.000	630	0.8020113136392206	0.0	0.9492063492063492	mostly_gaps	0
MF467745|wild_felid|2015.500	1815	0.4296040226272784	0.0	0.9493112947658402		0
MF467740|wild_canid|2016.500	1815	0.4296040226272784	0.0	0.9493112947658402		0
PP498896|domestic_dog|2023.000	555	0.8255813953488372	0.0	0.9495495495495495	mostly_gaps	0
PP498877|domestic_dog|2023.000	555	0.8255813953488372	0.0	0.9495495495495495	mostly_gaps	0
PV124385|domestic_dog|2022.500	1648	0.4820867379006914	0.0	0.9496359223300971		0
KY011299|domestic_dog|2015.500	820	0.7423004399748586	0.0	0.95	mostly_gaps	0
PP498878|domestic_dog|2023.000	560	0.8240100565681961	0.0	0.95	mostly_gaps	0
OK184443|domestic_dog|2021.000	630	0.8020113136392206	0.0	0.9507936507936507	mostly_gaps	0
MF467744|other|2015.500	1815	0.4296040226272784	0.0	0.9509641873278237		0
MK689164|domestic_dog|2018.707	1755	0.4484600879949717	0.0	0.950997150997151		0
PP151306|wild_canid|2019.142	552	0.8265241986172219	0.0	0.9510869565217391	mostly_gaps	0
PP498894|domestic_dog|2023.000	555	0.8255813953488372	0.0	0.9513513513513514	mostly_gaps	0
PP498861|domestic_dog|2023.000	555	0.8255813953488372	0.0	0.9513513513513514	mostly_gaps	0
PP498889|domestic_dog|2023.000	555	0.8255813953488372	0.0	0.9513513513513514	mostly_gaps	0
PP498863|domestic_dog|2023.000	555	0.8255813953488372	0.0	0.9513513513513514	mostly_gaps	0
PP498899|domestic_dog|2023.000	555	0.8255813953488372	0.0	0.9513513513513514	mostly_gaps	0
PP498876|domestic_dog|2023.000	555	0.8255813953488372	0.0	0.9513513513513514	mostly_gaps	0
KJ567092|domestic_dog|2013.500	1030	0.6763042111879322	0.0	0.9514563106796117	mostly_gaps	0
KJ567093|domestic_dog|2013.500	1030	0.6763042111879322	0.0	0.9514563106796117	mostly_gaps	0
MZ579520|domestic_dog|2016.350	989	0.6891891891891891	0.0	0.9514661274014156	mostly_gaps	0
OR506461|other|2019.500	1815	0.4296040226272784	0.0	0.9515151515151515		0
KX150847|mustelid|2013.430	1920	0.3966059082338152	0.0	0.9515625	internal_stop	43
PQ869775|wild_felid|2023.500	702	0.7793840351979887	0.0	0.9515669515669516	mostly_gaps;internal_stop	14
MK689165|domestic_dog|2018.707	1755	0.4484600879949717	0.0	0.9515669515669516		0
KU983537|domestic_dog|2015.123	456	0.8566939032055311	0.0	0.9517543859649122	mostly_gaps	0
KU983527|domestic_dog|2014.789	456	0.8566939032055311	0.0	0.9517543859649122	mostly_gaps	0
PV806615|domestic_dog|2023.293	1824	0.42677561282212445	0.0	0.9517543859649122		0
KU983529|domestic_dog|2014.789	456	0.8566939032055311	0.0	0.9517543859649122	mostly_gaps	0
KU983524|domestic_dog|2015.123	456	0.8566939032055311	0.0	0.9517543859649122	mostly_gaps	0
PP151314|wild_canid|2023.500	918	0.7115021998742929	0.0	0.9520697167755992	mostly_gaps	0
PP151313|wild_canid|2023.500	918	0.7115021998742929	0.0	0.9520697167755992	mostly_gaps	0
MK689166|domestic_dog|2018.707	1755	0.4484600879949717	0.0	0.9521367521367521		0
KJ685550|mustelid|2014.099	1824	0.42677561282212445	0.0	0.9523026315789473		0
PZ645865|wild_felid|2026.500	571	0.8205531112507857	0.0	0.9527145359019265	mostly_gaps;internal_stop	11
KJ728666|wild_canid|2013.932	1824	0.42677561282212445	0.0	0.9528508771929824		0
PX656918|domestic_dog|2019.858	1824	0.42677561282212445	0.0	0.9528508771929824		0
JQ327707|wild_canid|2010.500	1824	0.42677561282212445	0.0	0.9528508771929824		0
JX406734|domestic_dog|2011.288	594	0.8133249528598366	0.0	0.9528619528619529	mostly_gaps;internal_stop	8
PP151311|wild_canid|2020.505	552	0.8265241986172219	0.0	0.9528985507246377	mostly_gaps	0
OK666915|wild_canid|2018.500	1338	0.57950974230044	0.0	0.952914798206278	mostly_gaps	0
PP498869|domestic_dog|2023.000	555	0.8255813953488372	0.0	0.9531531531531532	mostly_gaps	0
PP498884|domestic_dog|2023.000	555	0.8255813953488372	0.0	0.9531531531531532	mostly_gaps	0
PP498901|domestic_dog|2023.000	555	0.8255813953488372	0.0	0.9531531531531532	mostly_gaps	0
PP498880|domestic_dog|2023.000	555	0.8255813953488372	0.0	0.9531531531531532	mostly_gaps	0
PP498871|domestic_dog|2023.000	555	0.8255813953488372	0.0	0.9531531531531532	mostly_gaps	0
PP498873|domestic_dog|2023.000	555	0.8255813953488372	0.0	0.9531531531531532	mostly_gaps	0
PP498885|domestic_dog|2023.000	555	0.8255813953488372	0.0	0.9531531531531532	mostly_gaps	0
PP498886|domestic_dog|2023.000	555	0.8255813953488372	0.0	0.9531531531531532	mostly_gaps	0
PP498860|domestic_dog|2023.000	555	0.8255813953488372	0.0	0.9531531531531532	mostly_gaps	0
PP498858|domestic_dog|2023.000	555	0.8255813953488372	0.0	0.9531531531531532	mostly_gaps	0
PP498872|domestic_dog|2023.000	555	0.8255813953488372	0.0	0.9531531531531532	mostly_gaps	0
PP498859|domestic_dog|2023.000	555	0.8255813953488372	0.0	0.9531531531531532	mostly_gaps	0
OP122980|domestic_dog|2015.500	1072	0.6631049654305469	0.0	0.9533582089552238	mostly_gaps;internal_stop	25
KJ579444|wild_canid|2013.885	1824	0.42677561282212445	0.0	0.9533991228070176		0
EU716074|mustelid|1998.123	1824	0.42677561282212445	0.0	0.9533991228070176		0
EU296492|domestic_dog|2005.500	1824	0.42677561282212445	0.0	0.9533991228070176		0
PP498898|domestic_dog|2023.000	558	0.8246385920804525	0.0	0.953405017921147	mostly_gaps	0
PX789688|wild_canid|2022.803	1075	0.6621621621621622	0.0	0.9534883720930233	mostly_gaps;internal_stop	28
KF184990|domestic_dog|2012.500	582	0.8170961659333752	0.0	0.9536082474226805	mostly_gaps	0
MF467747|domestic_dog|2016.500	1815	0.4296040226272784	0.0005509641873278236	0.9536934950385888		0
MF041963|wild_canid|2016.746	1946	0.38843494657448147	0.0	0.9537512846865365	internal_stop	42
PQ584613|mustelid|2022.500	1824	0.42677561282212445	0.0	0.9539473684210527		0
PX656917|domestic_dog|2019.734	1824	0.42677561282212445	0.0	0.9539473684210527		0
EU716075|domestic_dog|2007.041	1824	0.42677561282212445	0.0	0.9539473684210527		0
KJ567090|domestic_dog|2013.500	1000	0.6857322438717788	0.0	0.954	mostly_gaps;internal_stop	16
KJ567091|domestic_dog|2013.500	1000	0.6857322438717788	0.0	0.954	mostly_gaps;internal_stop	16
KC992186|wild_canid|2013.244	914	0.7127592708988058	0.0	0.9540481400437637	mostly_gaps;internal_stop	24
MN688787|domestic_dog|2019.500	1070	0.6637335009428033	0.0	0.9542056074766355	mostly_gaps	0
PV982270|domestic_dog|2025.500	546	0.8284098051539912	0.0	0.9542124542124543	mostly_gaps	0
PP151315|wild_canid|2019.200	918	0.7115021998742929	0.0	0.954248366013072	mostly_gaps	0
MF467746|wild_felid|2015.500	1815	0.4296040226272784	0.0	0.9542699724517907		0
KX708731|mustelid|2013.956	1776	0.4418604651162791	0.0	0.9543918918918919	internal_stop	39
KX708727|wild_canid|2013.622	1776	0.4418604651162791	0.0	0.9543918918918919	internal_stop	39
EU296491|domestic_dog|2006.500	1824	0.42677561282212445	0.0	0.9544956140350878		0
PX938971|domestic_dog|2023.701	1824	0.42677561282212445	0.0	0.9544956140350878		0
MT932496|domestic_dog|2013.430	1824	0.42677561282212445	0.0	0.9544956140350878		0
PZ380576|domestic_dog|2025.500	1824	0.42677561282212445	0.0	0.9544956140350878		0
PX938970|domestic_dog|2023.559	1824	0.42677561282212445	0.0	0.9544956140350878		0
MZ579521|domestic_dog|2016.363	989	0.6891891891891891	0.0	0.9544994944388271	mostly_gaps	0
JX406736|domestic_dog|2011.288	594	0.8133249528598366	0.0	0.9545454545454546	mostly_gaps;internal_stop	8
JX406738|domestic_dog|2011.288	594	0.8133249528598366	0.0	0.9545454545454546	mostly_gaps;internal_stop	8
JX406737|domestic_dog|2011.288	594	0.8133249528598366	0.0	0.9545454545454546	mostly_gaps;internal_stop	8
PV978371|domestic_dog|2025.500	550	0.8271527341294783	0.0	0.9545454545454546	mostly_gaps;internal_stop	11
OM714801|ursid|2021.500	420	0.8680075424261471	0.0	0.9547619047619048	mostly_gaps	0
OM714800|domestic_dog|2021.500	420	0.8680075424261471	0.0	0.9547619047619048	mostly_gaps	0
PP498895|domestic_dog|2023.000	554	0.8258956631049654	0.0	0.9548736462093863	mostly_gaps	0
PP498900|domestic_dog|2023.000	555	0.8255813953488372	0.0	0.954954954954955	mostly_gaps	0
PP498862|domestic_dog|2023.000	555	0.8255813953488372	0.0	0.954954954954955	mostly_gaps	0
PP498887|domestic_dog|2023.000	555	0.8255813953488372	0.0	0.954954954954955	mostly_gaps	0
PP498865|domestic_dog|2023.000	555	0.8255813953488372	0.0	0.954954954954955	mostly_gaps	0
PP498888|domestic_dog|2023.000	555	0.8255813953488372	0.0	0.954954954954955	mostly_gaps	0
OQ363405|domestic_dog|2018.233	867	0.7275298554368321	0.0	0.9550173010380623	mostly_gaps	0
KT266736|domestic_dog|2014.562	1824	0.42677561282212445	0.0	0.9550438596491229		0
MT932498|domestic_dog|2012.863	1824	0.42677561282212445	0.0	0.9550438596491229		0
KX708718|mustelid|2013.622	1824	0.42677561282212445	0.0	0.9550438596491229		0
KP127967|domestic_dog|2014.288	1824	0.42677561282212445	0.0	0.9550438596491229		0
MT932495|domestic_dog|2013.477	1824	0.42677561282212445	0.0	0.9550438596491229		0
PV806614|domestic_dog|2023.500	1824	0.42677561282212445	0.0	0.9550438596491229		0
MH118276|domestic_dog|2017.500	1831	0.4245757385292269	0.0	0.955215729109776		0
PQ869774|ailurid|2016.500	670	0.7894406033940917	0.0	0.9552238805970149	mostly_gaps	0
PX610319|wild_felid|2020.500	1946	0.38843494657448147	0.0	0.9552929085303186	internal_stop	40
KF184989|domestic_dog|2011.500	582	0.8170961659333752	0.0	0.9553264604810997	mostly_gaps	0
PX789691|mustelid|2023.249	1102	0.6536769327467001	0.0	0.9555353901996371	mostly_gaps;internal_stop	24
KX024709|mustelid|2015.759	1824	0.42677561282212445	0.0	0.9555921052631579		0
PZ380575|domestic_dog|2025.500	1824	0.42677561282212445	0.0	0.9555921052631579		0
MK169401|wild_felid|2015.395	1824	0.42677561282212445	0.0	0.9555921052631579		0
KJ728667|wild_canid|2013.685	1824	0.42677561282212445	0.0	0.9555921052631579		0
MK882983|wild_canid|2018.956	542	0.8296668761785041	0.0	0.955719557195572	mostly_gaps	0
MK882981|wild_canid|2018.956	542	0.8296668761785041	0.0	0.955719557195572	mostly_gaps	0
MK882982|wild_canid|2018.956	543	0.8293526084223759	0.0	0.9558011049723757	mostly_gaps	0
MK882984|wild_canid|2018.956	543	0.8293526084223759	0.0	0.9558011049723757	mostly_gaps	0
MF926599|domestic_dog|2016.708	1946	0.38843494657448147	0.0	0.9558067831449126	internal_stop	42
PV982273|domestic_dog|2025.500	546	0.8284098051539912	0.0	0.9560439560439561	mostly_gaps	0
OP122984|domestic_dog|2015.500	1048	0.6706473915776241	0.0	0.9561068702290076	mostly_gaps	0
KC992187|wild_canid|2013.244	889	0.7206159648020113	0.0	0.9561304836895388	mostly_gaps;internal_stop	23
KT001209|mustelid|2014.696	1824	0.42677561282212445	0.0	0.956140350877193		0
KF880677|mustelid|2013.753	1824	0.42677561282212445	0.0	0.956140350877193		0
KJ569205|wild_canid|2013.830	1824	0.42677561282212445	0.0	0.956140350877193		0
KU983535|domestic_dog|2014.874	456	0.8566939032055311	0.0	0.956140350877193	mostly_gaps	0
PV806609|domestic_dog|2023.500	1824	0.42677561282212445	0.0	0.956140350877193		0
PV806621|domestic_dog|2022.500	1824	0.42677561282212445	0.0	0.956140350877193		0
PV806612|domestic_dog|2023.500	1824	0.42677561282212445	0.0	0.956140350877193		0
PV806606|domestic_dog|2023.500	1824	0.42677561282212445	0.0	0.956140350877193		0
KX024708|mustelid|2015.740	1824	0.42677561282212445	0.0	0.956140350877193		0
MW248101|domestic_dog|2019.123	1824	0.42677561282212445	0.0	0.956140350877193		0
KX708710|mustelid|2013.041	1824	0.42677561282212445	0.0	0.956140350877193		0
KU983531|domestic_dog|2014.874	456	0.8566939032055311	0.0	0.956140350877193	mostly_gaps	0
KT001210|mustelid|2014.696	1824	0.42677561282212445	0.0	0.956140350877193		0
PZ812010|domestic_dog|2025.500	1824	0.42677561282212445	0.0	0.956140350877193		0
PZ812018|domestic_dog|2025.500	1824	0.42677561282212445	0.0	0.956140350877193		0
PZ812015|domestic_dog|2025.500	1824	0.42677561282212445	0.0	0.956140350877193		0
PZ812013|domestic_dog|2025.500	1824	0.42677561282212445	0.0	0.956140350877193		0
PZ812016|domestic_dog|2025.500	1824	0.42677561282212445	0.0	0.956140350877193		0
PZ812011|domestic_dog|2025.500	1824	0.42677561282212445	0.0	0.956140350877193		0
PZ812009|domestic_dog|2025.500	1824	0.42677561282212445	0.0	0.956140350877193		0
PZ812017|domestic_dog|2025.500	1824	0.42677561282212445	0.0	0.956140350877193		0
OP122981|domestic_dog|2015.500	1004	0.6844751728472659	0.0	0.9561752988047809	mostly_gaps	0
PX789692|procyonid|2023.030	1121	0.647705845380264	0.0	0.9562890276538805	mostly_gaps	0
OP122982|domestic_dog|2015.500	1053	0.669076052796983	0.0	0.956315289648623	mostly_gaps;internal_stop	18
MF926597|domestic_dog|2016.874	1946	0.38843494657448147	0.0	0.9563206577595067	internal_stop	41
PX789693|procyonid|2023.203	1100	0.6543054682589566	0.0	0.9563636363636364	mostly_gaps;internal_stop	26
PP151312|wild_canid|2019.142	918	0.7115021998742929	0.0	0.9564270152505446	mostly_gaps	0
PX049103|domestic_dog|2025.500	551	0.8268384663733501	0.0	0.956442831215971	mostly_gaps	0
PV978372|domestic_dog|2025.500	551	0.8268384663733501	0.0	0.956442831215971	mostly_gaps;internal_stop	11
OQ534367|domestic_dog|2022.500	530	0.8334380892520428	0.0	0.9566037735849057	mostly_gaps;internal_stop	11
OQ534369|domestic_dog|2022.500	530	0.8334380892520428	0.0	0.9566037735849057	mostly_gaps;internal_stop	11
KX708721|mustelid|2013.123	1776	0.4418604651162791	0.0	0.9566441441441441	internal_stop	39
KX708724|mustelid|2012.956	1776	0.4418604651162791	0.0	0.9566441441441441	internal_stop	40
KX708725|mustelid|2012.956	1776	0.4418604651162791	0.0	0.9566441441441441	internal_stop	40
PP498891|domestic_dog|2023.000	554	0.8258956631049654	0.0	0.9566787003610109	mostly_gaps	0
PP512578|domestic_dog|2023.500	1824	0.42677561282212445	0.0	0.9566885964912281		0
PV806607|domestic_dog|2023.500	1824	0.42677561282212445	0.0	0.9566885964912281		0
PZ812012|domestic_dog|2025.500	1824	0.42677561282212445	0.0	0.9566885964912281		0
PZ812003|domestic_dog|2025.500	1824	0.42677561282212445	0.0	0.9566885964912281		0
PZ812006|domestic_dog|2025.500	1824	0.42677561282212445	0.0	0.9566885964912281		0
PZ812007|domestic_dog|2025.500	1824	0.42677561282212445	0.0	0.9566885964912281		0
KX708713|mustelid|2013.041	1824	0.42677561282212445	0.0	0.9566885964912281		0
PZ812002|domestic_dog|2025.500	1824	0.42677561282212445	0.0	0.9566885964912281		0
PZ812005|domestic_dog|2025.500	1824	0.42677561282212445	0.0	0.9566885964912281		0
PZ812008|domestic_dog|2025.500	1824	0.42677561282212445	0.0	0.9566885964912281		0
EU716073|domestic_dog|1997.123	1824	0.42677561282212445	0.0	0.9566885964912281		0
KU030831|domestic_dog|2015.203	1824	0.42677561282212445	0.0	0.9566885964912281		0
PX789706|procyonid|2023.027	1824	0.42677561282212445	0.0	0.9566885964912281		0
PZ812014|domestic_dog|2025.500	1824	0.42677561282212445	0.0	0.9566885964912281		0
MT350714|domestic_dog|2018.893	1824	0.42677561282212445	0.0	0.9566885964912281		0
PP498867|domestic_dog|2023.000	555	0.8255813953488372	0.0	0.9567567567567568	mostly_gaps	0
PP498864|domestic_dog|2023.000	555	0.8255813953488372	0.0	0.9567567567567568	mostly_gaps	0
PP498866|domestic_dog|2023.000	555	0.8255813953488372	0.0	0.9567567567567568	mostly_gaps	0
PP498902|domestic_dog|2023.000	555	0.8255813953488372	0.0	0.9567567567567568	mostly_gaps	0
OP122983|domestic_dog|2015.500	1042	0.6725329981143935	0.0	0.9568138195777351	mostly_gaps;internal_stop	25
MF926600|domestic_dog|2016.708	1946	0.38843494657448147	0.0	0.9568345323741008	internal_stop	42
ON093254|mustelid|2016.500	1023	0.6785040854808296	0.0	0.956989247311828	mostly_gaps	0
PP498897|domestic_dog|2023.000	558	0.8246385920804525	0.0	0.956989247311828	mostly_gaps	0
PP498879|domestic_dog|2023.000	558	0.8246385920804525	0.0	0.956989247311828	mostly_gaps	0
KF184991|domestic_dog|2012.500	582	0.8170961659333752	0.0	0.9570446735395189	mostly_gaps	0
OR123690|wild_felid|2023.167	864	0.7284726587052168	0.0	0.9571759259259259	mostly_gaps	0
KX708723|mustelid|2012.956	1776	0.4418604651162791	0.0	0.9572072072072072	internal_stop	39
KX708717|mustelid|2012.956	1824	0.42677561282212445	0.0005482456140350877	0.9572133845309929		0
PV712673|domestic_dog|2022.140	1824	0.42677561282212445	0.0	0.9572368421052632		0
EU296493|domestic_dog|2005.500	1824	0.42677561282212445	0.0	0.9572368421052632		0
PX789685|domestic_dog|2024.123	1824	0.42677561282212445	0.0	0.9572368421052632		0
PZ812004|domestic_dog|2025.500	1824	0.42677561282212445	0.0	0.9572368421052632		0
PX789707|mustelid|2023.414	1824	0.42677561282212445	0.0	0.9572368421052632		0
OM179846|viverrid|2021.644	1824	0.42677561282212445	0.0	0.9572368421052632		0
KX708716|mustelid|2012.956	1824	0.42677561282212445	0.0	0.9572368421052632		0
KX708715|mustelid|2012.874	1824	0.42677561282212445	0.0	0.9572368421052632		0
KR185351|wild_canid|2014.518	1824	0.42677561282212445	0.0	0.9572368421052632		0
KU983523|domestic_dog|2014.874	1824	0.42677561282212445	0.0	0.9572368421052632		0
KF914669|domestic_dog|2013.367	1824	0.42677561282212445	0.0	0.9572368421052632		0
KM115533|domestic_dog|2012.708	1824	0.42677561282212445	0.0	0.9572368421052632		0
KP738610|wild_canid|2014.748	1824	0.42677561282212445	0.0	0.9572368421052632		0
PV712671|domestic_dog|2022.162	1824	0.42677561282212445	0.0	0.9572368421052632		0
PP498904|domestic_dog|2023.000	1824	0.42677561282212445	0.0	0.9572368421052632		0
PV806608|domestic_dog|2023.500	1824	0.42677561282212445	0.0	0.9572368421052632		0
PV806611|domestic_dog|2022.500	1824	0.42677561282212445	0.0	0.9572368421052632		0
KJ660069|mustelid|2014.164	1824	0.42677561282212445	0.0	0.9572368421052632		0
JX886775|domestic_dog|2011.500	1544	0.5147705845380264	0.0	0.9572538860103627	mostly_gaps	0
OP561487|domestic_dog|2020.331	1778	0.44123192960402263	0.0	0.9572553430821147		0
OP561460|domestic_dog|2020.331	1778	0.44123192960402263	0.0	0.9572553430821147		0
PQ869773|wild_canid|2022.500	632	0.8013827781269641	0.0	0.9572784810126582	mostly_gaps;internal_stop	13
OK666918|domestic_dog|2015.500	1338	0.57950974230044	0.0	0.9573991031390134	mostly_gaps	0
KC667065|domestic_dog|2012.907	1812	0.4305468258956631	0.0	0.9575055187637969		0
PP151316|wild_canid|2020.505	918	0.7115021998742929	0.0	0.9575163398692811	mostly_gaps	0
MF467738|wild_canid|2016.500	1815	0.4296040226272784	0.0	0.9575757575757575		0
KX708714|mustelid|2013.041	1824	0.42677561282212445	0.0	0.9577850877192983		0
OR652070|domestic_dog|2023.000	1824	0.42677561282212445	0.0	0.9577850877192983		0
KX708712|mustelid|2013.041	1824	0.42677561282212445	0.0	0.9577850877192983		0
PP498906|domestic_dog|2023.000	1824	0.42677561282212445	0.0	0.9577850877192983		0
OR123692|wild_felid|2021.500	1824	0.42677561282212445	0.0	0.9577850877192983		0
KX150848|mustelid|2013.452	1824	0.42677561282212445	0.0	0.9577850877192983		0
MW980440|domestic_dog|2020.940	1824	0.42677561282212445	0.0	0.9577850877192983		0
AB619774|wild_felid|2010.189	1824	0.42677561282212445	0.0	0.9577850877192983		0
KM115532|domestic_dog|2013.288	1824	0.42677561282212445	0.0	0.9577850877192983		0
EU325727|wild_canid|2007.500	1824	0.42677561282212445	0.0	0.9577850877192983		0
KP127964|mustelid|2014.203	1824	0.42677561282212445	0.0	0.9577850877192983		0
KP127963|domestic_dog|2014.203	1824	0.42677561282212445	0.0	0.9577850877192983		0
KX371587|domestic_dog|2016.164	1824	0.42677561282212445	0.0	0.9577850877192983		0
EU296483|domestic_dog|2005.500	1824	0.42677561282212445	0.0	0.9577850877192983		0
KP127966|mustelid|2013.622	1824	0.42677561282212445	0.0	0.9577850877192983		0
PZ170266|domestic_dog|2025.707	1824	0.42677561282212445	0.0	0.9577850877192983		0
PZ043802|domestic_dog|2020.500	1824	0.42677561282212445	0.0	0.9577850877192983		0
KM115536|domestic_dog|2013.537	1824	0.42677561282212445	0.0	0.9577850877192983		0
KU162860|mustelid|2015.685	1824	0.42677561282212445	0.0	0.9577850877192983		0
OQ363404|domestic_dog|2018.052	853	0.7319296040226273	0.0	0.9577960140679953	mostly_gaps;internal_stop	18
PX610320|wild_canid|2015.500	1946	0.38843494657448147	0.0	0.9578622816032888	internal_stop	40
JX406739|domestic_dog|2011.288	594	0.8133249528598366	0.0	0.9579124579124579	mostly_gaps;internal_stop	8
KC916721|other|1999.500	405	0.8727215587680704	0.0	0.9580246913580247	mostly_gaps	0
KC916719|other|1997.500	405	0.8727215587680704	0.0	0.9580246913580247	mostly_gaps	0
KC916722|other|2004.500	405	0.8727215587680704	0.0	0.9580246913580247	mostly_gaps	0
MH644850|mustelid|2016.361	1098	0.654934003771213	0.0	0.9581056466302368	mostly_gaps	0
MH644848|wild_canid|2016.765	1098	0.654934003771213	0.0	0.9581056466302368	mostly_gaps	0
MG922458|domestic_dog|2016.951	1770	0.4437460716530484	0.0	0.9581920903954803		0
MG922460|domestic_dog|2016.951	1770	0.4437460716530484	0.0	0.9581920903954803		0
PQ895525|domestic_dog|2022.381	1628	0.4883720930232558	0.0	0.9582309582309583		0
PV982269|domestic_dog|2025.500	431	0.8645505971087366	0.0	0.9582366589327146	mostly_gaps;internal_stop	10
MH813462|other|2016.418	1824	0.42677561282212445	0.0	0.9583333333333334		0
PX734749|domestic_dog|2019.500	1824	0.42677561282212445	0.0	0.9583333333333334		0
PX734752|domestic_dog|2018.500	1824	0.42677561282212445	0.0	0.9583333333333334		0
PV712670|domestic_dog|2023.630	1824	0.42677561282212445	0.0	0.9583333333333334		0
MF100801|domestic_dog|2015.715	1824	0.42677561282212445	0.0	0.9583333333333334		0
PX734751|domestic_dog|2019.500	1824	0.42677561282212445	0.0	0.9583333333333334		0
MK408454|mustelid|2017.455	1824	0.42677561282212445	0.0	0.9583333333333334		0
KP765763|wild_canid|2014.501	1824	0.42677561282212445	0.0	0.9583333333333334		0
PX734753|domestic_dog|2017.500	1824	0.42677561282212445	0.0	0.9583333333333334		0
KJ994343|wild_canid|2013.789	1824	0.42677561282212445	0.0	0.9583333333333334		0
KP127958|mustelid|2013.455	1824	0.42677561282212445	0.0	0.9583333333333334		0
KM115535|domestic_dog|2013.455	1824	0.42677561282212445	0.0	0.9583333333333334		0
MH337872|wild_canid|2016.538	1824	0.42677561282212445	0.0	0.9583333333333334		0
KX708726|wild_felid|2013.890	1776	0.4418604651162791	0.0	0.9583333333333334	internal_stop	38
PZ043806|domestic_dog|2020.500	1824	0.42677561282212445	0.0	0.9583333333333334		0
PV806620|domestic_dog|2021.500	1824	0.42677561282212445	0.0	0.9583333333333334		0
PP498908|domestic_dog|2023.000	1824	0.42677561282212445	0.0	0.9583333333333334		0
OQ534368|domestic_dog|2022.500	528	0.8340666247642992	0.0	0.9583333333333334	mostly_gaps;internal_stop	11
OQ534366|domestic_dog|2022.500	528	0.8340666247642992	0.0	0.9583333333333334	mostly_gaps;internal_stop	11
PV806617|domestic_dog|2021.500	1824	0.42677561282212445	0.0	0.9583333333333334		0
PP151310|wild_canid|2019.200	552	0.8265241986172219	0.0	0.9583333333333334	mostly_gaps	0
OM179847|viverrid|2021.644	1824	0.42677561282212445	0.0	0.9583333333333334		0
PZ845995|domestic_dog|2025.203	1824	0.42677561282212445	0.0	0.9583333333333334		0
OM179848|viverrid|2021.644	1824	0.42677561282212445	0.0	0.9583333333333334		0
OM179849|viverrid|2021.644	1824	0.42677561282212445	0.0	0.9583333333333334		0
PV806616|domestic_dog|2022.500	1824	0.42677561282212445	0.0	0.9583333333333334		0
OM273976|domestic_dog|2019.500	600	0.8114393463230672	0.0	0.9583333333333334	mostly_gaps	0
PX789682|domestic_dog|2023.370	1033	0.6753614079195475	0.0	0.9583736689254598	mostly_gaps;internal_stop	19
OM273977|domestic_dog|2019.500	603	0.8104965430546826	0.0	0.9585406301824212	mostly_gaps	0
PP498893|domestic_dog|2023.000	555	0.8255813953488372	0.0	0.9585585585585585	mostly_gaps	0
PP498892|domestic_dog|2023.000	555	0.8255813953488372	0.0	0.9585585585585585	mostly_gaps	0
OK184447|domestic_dog|2021.000	630	0.8020113136392206	0.0	0.9587301587301588	mostly_gaps	0
MN688784|domestic_dog|2019.500	1069	0.6640477686989315	0.0	0.9588400374181478	mostly_gaps	0
MN688783|domestic_dog|2019.500	1069	0.6640477686989315	0.0	0.9588400374181478	mostly_gaps	0
MN688781|domestic_dog|2019.500	1069	0.6640477686989315	0.0	0.9588400374181478	mostly_gaps	0
PX789683|procyonid|2023.789	1045	0.6715901948460088	0.0	0.9588516746411483	mostly_gaps	0
KX708711|wild_canid|2012.956	1824	0.42677561282212445	0.0	0.9588815789473685		0
AB619775|wild_canid|2009.956	1824	0.42677561282212445	0.0	0.9588815789473685		0
PV806622|domestic_dog|2022.500	1824	0.42677561282212445	0.0	0.9588815789473685		0
PV806618|domestic_dog|2022.500	1824	0.42677561282212445	0.0	0.9588815789473685		0
OL675426|domestic_dog|2020.604	1824	0.42677561282212445	0.0	0.9588815789473685		0
PV778034|domestic_dog|2025.500	1824	0.42677561282212445	0.0	0.9588815789473685		0
MT350713|domestic_dog|2018.882	1824	0.42677561282212445	0.0	0.9588815789473685		0
PZ168248|domestic_dog|2024.500	1824	0.42677561282212445	0.0	0.9588815789473685		0
KP127956|mustelid|2012.456	1824	0.42677561282212445	0.0	0.9588815789473685		0
EU296482|domestic_dog|2005.500	1824	0.42677561282212445	0.0	0.9588815789473685		0
KP127961|mustelid|2013.455	1824	0.42677561282212445	0.0	0.9588815789473685		0
PV778033|domestic_dog|2025.500	1824	0.42677561282212445	0.0	0.9588815789473685		0
PQ474983|domestic_dog|2023.500	1824	0.42677561282212445	0.0	0.9588815789473685		0
MH316137|wild_canid|2018.164	1824	0.42677561282212445	0.0	0.9588815789473685		0
KP127955|wild_canid|2012.623	1824	0.42677561282212445	0.0	0.9588815789473685		0
KU521343|mustelid|2014.370	1824	0.42677561282212445	0.0	0.9588815789473685		0
KF880678|wild_canid|2013.781	1824	0.42677561282212445	0.0	0.9588815789473685		0
KY971532|other|2017.041	1824	0.42677561282212445	0.0	0.9588815789473685		0
KX159294|mustelid|2013.512	1824	0.42677561282212445	0.0	0.9588815789473685		0
KX708722|mustelid|2013.041	1776	0.4418604651162791	0.0	0.9588963963963963	internal_stop	36
MG672453|wild_canid|2012.500	516	0.8378378378378378	0.0	0.9593023255813954	mostly_gaps;internal_stop	6
GQ328902|domestic_dog|2007.500	911	0.7137020741671904	0.0	0.9593852908891328	mostly_gaps;internal_stop	14
PX789679|domestic_dog|2021.288	1010	0.6825895663104965	0.0	0.9594059405940594	mostly_gaps	0
MK617353|domestic_dog|2017.500	1824	0.42677561282212445	0.0	0.9594298245614035		0
PX789705|wild_canid|2022.868	1824	0.42677561282212445	0.0	0.9594298245614035		0
KU521345|mustelid|2014.455	1824	0.42677561282212445	0.0	0.9594298245614035		0
PZ043805|domestic_dog|2020.500	1824	0.42677561282212445	0.0	0.9594298245614035		0
KF880680|wild_canid|2013.781	1824	0.42677561282212445	0.0	0.9594298245614035		0
KP127957|domestic_dog|2012.623	1824	0.42677561282212445	0.0	0.9594298245614035		0
MW048555|domestic_dog|2018.500	1824	0.42677561282212445	0.0	0.9594298245614035		0
ON206669|domestic_dog|2021.789	1824	0.42677561282212445	0.0	0.9594298245614035		0
KU030833|domestic_dog|2015.370	1824	0.42677561282212445	0.0	0.9594298245614035		0
KP127959|mustelid|2012.123	1824	0.42677561282212445	0.0	0.9594298245614035		0
KF880684|mustelid|2013.781	1824	0.42677561282212445	0.0	0.9594298245614035		0
KF880679|wild_canid|2013.781	1824	0.42677561282212445	0.0	0.9594298245614035		0
PX789704|wild_canid|2022.890	1824	0.42677561282212445	0.0	0.9594298245614035		0
PV806613|domestic_dog|2023.500	1824	0.42677561282212445	0.0	0.9594298245614035		0
PX789681|domestic_dog|2023.288	1824	0.42677561282212445	0.0	0.9594298245614035		0
KU521344|mustelid|2014.455	1824	0.42677561282212445	0.0	0.9594298245614035		0
PP498907|domestic_dog|2023.000	1824	0.42677561282212445	0.0	0.9594298245614035		0
PP498903|domestic_dog|2023.000	1824	0.42677561282212445	0.0	0.9594298245614035		0
OR652074|domestic_dog|2023.000	1824	0.42677561282212445	0.0	0.9594298245614035		0
MZ579522|domestic_dog|2017.403	989	0.6891891891891891	0.0	0.9595551061678463	mostly_gaps	0
PV124386|domestic_dog|2022.500	1657	0.4792583280955374	0.0	0.9595654797827399		0
MG672450|wild_canid|2012.500	520	0.8365807668133249	0.0	0.9596153846153846	mostly_gaps;internal_stop	11
PV982271|domestic_dog|2025.500	546	0.8284098051539912	0.0	0.9597069597069597	mostly_gaps	0
PV982275|domestic_dog|2025.500	546	0.8284098051539912	0.0	0.9597069597069597	mostly_gaps	0
PV982277|domestic_dog|2025.500	546	0.8284098051539912	0.0	0.9597069597069597	mostly_gaps	0
PV982276|domestic_dog|2025.500	546	0.8284098051539912	0.0	0.9597069597069597	mostly_gaps	0
MN688782|domestic_dog|2019.500	1069	0.6640477686989315	0.0	0.9597754911131899	mostly_gaps	0
MN688785|domestic_dog|2019.500	1069	0.6640477686989315	0.0	0.9597754911131899	mostly_gaps	0
JX886787|domestic_dog|2009.500	1544	0.5147705845380264	0.0	0.9598445595854922	mostly_gaps	0
PX789686|wild_canid|2022.795	1097	0.6552482715273413	0.0	0.959890610756609	mostly_gaps;internal_stop	27
OQ363403|domestic_dog|2018.252	748	0.7649277184160905	0.0	0.9598930481283422	mostly_gaps;internal_stop	17
KF880682|mustelid|2013.781	1824	0.42677561282212445	0.0	0.9599780701754386		0
KF880683|mustelid|2013.781	1824	0.42677561282212445	0.0	0.9599780701754386		0
PQ860808|domestic_dog|2024.500	1824	0.42677561282212445	0.0	0.9599780701754386		0
KU983521|domestic_dog|2014.874	1824	0.42677561282212445	0.0	0.9599780701754386		0
PQ241483|domestic_dog|2023.773	1824	0.42677561282212445	0.0	0.9599780701754386		0
PX734746|domestic_dog|2013.500	1824	0.42677561282212445	0.0	0.9599780701754386		0
KM115534|domestic_dog|2013.203	1824	0.42677561282212445	0.0	0.9599780701754386		0
KX943319|domestic_dog|2016.030	1824	0.42677561282212445	0.0	0.9599780701754386		0
PX734737|domestic_dog|2013.500	1824	0.42677561282212445	0.0	0.9599780701754386		0
KU983518|domestic_dog|2014.789	1824	0.42677561282212445	0.0	0.9599780701754386		0
KP127965|wild_canid|2013.123	1824	0.42677561282212445	0.0	0.9599780701754386		0
KP127962|mustelid|2013.537	1824	0.42677561282212445	0.0	0.9599780701754386		0
KF880681|wild_canid|2013.781	1824	0.42677561282212445	0.0	0.9599780701754386		0
PX734744|domestic_dog|2013.500	1824	0.42677561282212445	0.0	0.9599780701754386		0
KX159297|mustelid|2013.605	1824	0.42677561282212445	0.0	0.9599780701754386	internal_stop	1
OR652069|domestic_dog|2023.500	1824	0.42677561282212445	0.0	0.9599780701754386		0
PZ043807|domestic_dog|2020.500	1824	0.42677561282212445	0.0	0.9599780701754386		0
PZ043803|domestic_dog|2020.500	1824	0.42677561282212445	0.0	0.9599780701754386		0
PP434477|domestic_dog|2023.500	1824	0.42677561282212445	0.0	0.9599780701754386		0
KX371585|domestic_dog|2016.052	1824	0.42677561282212445	0.0	0.9599780701754386		0
PQ241493|domestic_dog|2023.753	1824	0.42677561282212445	0.0	0.9599780701754386		0
PV806619|domestic_dog|2021.500	1824	0.42677561282212445	0.0	0.9599780701754386		0
PQ241499|domestic_dog|2017.844	1824	0.42677561282212445	0.0	0.9599780701754386		0
MW013487|domestic_dog|2017.500	1824	0.42677561282212445	0.0	0.9599780701754386		0
MF926610|domestic_dog|2017.370	1824	0.42677561282212445	0.0	0.9599780701754386		0
PQ241494|domestic_dog|2023.759	1824	0.42677561282212445	0.0	0.9599780701754386		0
FJ423606|domestic_dog|2008.500	1824	0.42677561282212445	0.0	0.9599780701754386		0
KX709880|domestic_dog|2012.544	1824	0.42677561282212445	0.0	0.9599780701754386		0
PX789689|wild_canid|2023.030	1102	0.6536769327467001	0.0	0.9600725952813067	mostly_gaps;internal_stop	27
OQ363407|domestic_dog|2018.052	852	0.7322438717787555	0.0	0.960093896713615	mostly_gaps	0
OQ363406|domestic_dog|2018.052	852	0.7322438717787555	0.0	0.960093896713615	mostly_gaps	0
PV124384|domestic_dog|2022.500	1660	0.4783155248271527	0.0	0.9602409638554217		0
MG672451|wild_canid|2012.500	530	0.8334380892520428	0.0	0.960377358490566	mostly_gaps	0
OK667000|procyonid|2014.500	1338	0.57950974230044	0.0	0.9603886397608371	mostly_gaps	0
KU666057|procyonid|2012.896	1946	0.38843494657448147	0.0	0.960431654676259	internal_stop	41
OR514514|domestic_dog|2021.500	1824	0.42677561282212445	0.0010964912280701754	0.960482985729967		0
PX789674|domestic_dog|2023.622	1530	0.5191703331238215	0.1895424836601307	0.9604838709677419	mostly_gaps;ambiguous>5%	0
KC916720|other|1997.500	405	0.8727215587680704	0.0	0.9604938271604938	mostly_gaps	0
KX347928|domestic_dog|2015.773	1824	0.42677561282212445	0.0	0.9605263157894737		0
PV712674|domestic_dog|2022.441	1824	0.42677561282212445	0.0	0.9605263157894737		0
MW013490|domestic_dog|2020.500	1824	0.42677561282212445	0.0	0.9605263157894737		0
HM623893|domestic_dog|2009.288	1824	0.42677561282212445	0.0	0.9605263157894737		0
MF100808|domestic_dog|2014.559	1824	0.42677561282212445	0.0	0.9605263157894737		0
EU325725|mustelid|2006.500	1824	0.42677561282212445	0.0	0.9605263157894737		0
OR652078|domestic_dog|2023.000	1824	0.42677561282212445	0.0	0.9605263157894737		0
MF926611|domestic_dog|2017.370	1824	0.42677561282212445	0.0	0.9605263157894737		0
PZ845994|domestic_dog|2021.455	1824	0.42677561282212445	0.0	0.9605263157894737		0
PV712678|domestic_dog|2022.471	1824	0.42677561282212445	0.0	0.9605263157894737		0
PV712676|domestic_dog|2022.699	1824	0.42677561282212445	0.0	0.9605263157894737		0
OR243301|wild_felid|2019.534	1824	0.42677561282212445	0.0	0.9605263157894737		0
KC966928|wild_canid|2013.041	1824	0.42677561282212445	0.0	0.9605263157894737		0
PX734754|domestic_dog|2011.500	1824	0.42677561282212445	0.0	0.9605263157894737		0
FJ461717|domestic_dog|2007.707	1824	0.42677561282212445	0.0	0.9605263157894737		0
KC966929|wild_canid|2013.041	1824	0.42677561282212445	0.0	0.9605263157894737		0
EU296494|domestic_dog|2007.500	1824	0.42677561282212445	0.0	0.9605263157894737		0
KP127960|mustelid|2012.708	1824	0.42677561282212445	0.0	0.9605263157894737		0
PQ241484|domestic_dog|2023.030	1824	0.42677561282212445	0.0	0.9605263157894737		0
PQ241487|domestic_dog|2020.721	1824	0.42677561282212445	0.0	0.9605263157894737		0
OR880602|domestic_dog|2023.466	1824	0.42677561282212445	0.0	0.9605263157894737		0
PQ241495|domestic_dog|2023.888	1824	0.42677561282212445	0.0	0.9605263157894737		0
PV712679|domestic_dog|2023.685	1824	0.42677561282212445	0.0	0.9605263157894737		0
PQ241500|domestic_dog|2017.756	1824	0.42677561282212445	0.0	0.9605263157894737		0
MG672452|wild_canid|2012.500	558	0.8246385920804525	0.0	0.9605734767025089	mostly_gaps;internal_stop	14
JX912975|domestic_dog|2012.500	1803	0.4333752357008171	0.0	0.9606211869107044		0
MW828744|wild_canid|2018.500	1071	0.6634192331866751	0.0	0.9607843137254902	mostly_gaps	0
MW828745|wild_canid|2016.500	1071	0.6634192331866751	0.0	0.9607843137254902	mostly_gaps	0
PX789697|procyonid|2023.162	1097	0.6552482715273413	0.0	0.9608021877848678	mostly_gaps;internal_stop	25
PX789687|wild_canid|2023.307	1100	0.6543054682589566	0.0	0.9609090909090909	mostly_gaps;internal_stop	26
PX789701|procyonid|2022.915	1102	0.6536769327467001	0.0	0.9609800362976406	mostly_gaps;internal_stop	26
MW984535|procyonid|2015.951	1335	0.5804525455688246	0.00149812734082397	0.9609902475618904	mostly_gaps	0
OR514512|domestic_dog|2021.500	1824	0.42677561282212445	0.001644736842105263	0.9610104338275672		0
OR514513|domestic_dog|2021.500	1824	0.42677561282212445	0.0010964912280701754	0.9610318331503842		0
MK541909|wild_canid|2012.350	1824	0.42677561282212445	0.0005482456140350877	0.9610532089961602		0
MW600730|domestic_dog|2020.940	1824	0.42677561282212445	0.0	0.9610745614035088		0
PZ043804|domestic_dog|2020.500	1824	0.42677561282212445	0.0	0.9610745614035088		0
PQ241498|domestic_dog|2018.589	1824	0.42677561282212445	0.0	0.9610745614035088		0
OQ785284|domestic_dog|2022.893	1824	0.42677561282212445	0.0	0.9610745614035088		0
HQ128601|wild_canid|2010.370	1824	0.42677561282212445	0.0	0.9610745614035088		0
KP793921|ursid|2014.500	1824	0.42677561282212445	0.0	0.9610745614035088		0
LC159583|domestic_dog|2013.795	1824	0.42677561282212445	0.0	0.9610745614035088		0
MW013488|domestic_dog|2017.500	1824	0.42677561282212445	0.0	0.9610745614035088		0
KY774576|domestic_dog|2016.790	1824	0.42677561282212445	0.0	0.9610745614035088		0
OM714799|wild_canid|2021.500	1824	0.42677561282212445	0.0	0.9610745614035088		0
PV712675|domestic_dog|2022.923	1824	0.42677561282212445	0.0	0.9610745614035088		0
OR652076|domestic_dog|2023.000	1824	0.42677561282212445	0.0	0.9610745614035088		0
LC159585|domestic_dog|2014.071	1824	0.42677561282212445	0.0	0.9610745614035088		0
FJ423605|wild_canid|2008.500	1824	0.42677561282212445	0.0	0.9610745614035088		0
MW048558|domestic_dog|2020.500	1824	0.42677561282212445	0.0	0.9610745614035088		0
PZ845993|domestic_dog|2021.455	1824	0.42677561282212445	0.0	0.9610745614035088		0
PZ845991|domestic_dog|2021.455	1824	0.42677561282212445	0.0	0.9610745614035088		0
PZ845992|domestic_dog|2021.455	1824	0.42677561282212445	0.0	0.9610745614035088		0
ON929300|domestic_dog|2019.500	1824	0.42677561282212445	0.0	0.9610745614035088		0
KU030832|domestic_dog|2015.288	1824	0.42677561282212445	0.0	0.9610745614035088		0
PP498905|domestic_dog|2023.000	1824	0.42677561282212445	0.0	0.9610745614035088		0
MW020699|domestic_dog|2018.500	1824	0.42677561282212445	0.0	0.9610745614035088		0
PV712677|domestic_dog|2023.608	1824	0.42677561282212445	0.0	0.9610745614035088		0
FJ461712|domestic_dog|2007.789	1824	0.42677561282212445	0.0	0.9610745614035088		0
JX844220|mustelid|2012.511	1824	0.42677561282212445	0.0	0.9610745614035088		0
PV712681|domestic_dog|2022.745	1824	0.42677561282212445	0.0	0.9610745614035088		0
FJ461724|domestic_dog|2007.707	1824	0.42677561282212445	0.0	0.9610745614035088		0
HQ657209|domestic_dog|2010.500	1824	0.42677561282212445	0.0	0.9610745614035088		0
KC494688|mustelid|2012.724	1824	0.42677561282212445	0.0	0.9610745614035088		0
MF100804|domestic_dog|2015.290	1824	0.42677561282212445	0.0	0.9610745614035088		0
MW048557|domestic_dog|2018.500	1824	0.42677561282212445	0.0	0.9610745614035088		0
KM114053|domestic_dog|2013.874	1236	0.6115650534255186	0.0	0.9611650485436893	mostly_gaps	0
MW197720|domestic_dog|2020.085	567	0.8218101822752986	0.0	0.9611992945326279	mostly_gaps;internal_stop	8
MH118279|domestic_dog|2017.500	1812	0.4305468258956631	0.0	0.9613686534216336		0
MH118275|domestic_dog|2017.500	1815	0.4296040226272784	0.0	0.9614325068870524		0
PX789696|procyonid|2022.932	1116	0.6492771841609051	0.0	0.9614695340501792	mostly_gaps	0
OM273978|domestic_dog|2019.500	597	0.8123821495914519	0.0	0.9614740368509213	mostly_gaps	0
PV982272|domestic_dog|2025.500	546	0.8284098051539912	0.0	0.9615384615384616	mostly_gaps	0
PX789684|domestic_dog|2023.956	1066	0.6649905719673161	0.0	0.9615384615384616	mostly_gaps;internal_stop	17
KX774415|wild_felid|2004.041	1824	0.42677561282212445	0.0010964912280701754	0.9615806805708014		0
OM201303|wild_felid|2021.353	807	0.7463859208045255	0.0	0.9615861214374225	mostly_gaps	0
ON929298|domestic_dog|2019.500	1824	0.42677561282212445	0.0	0.9616228070175439		0
FJ461694|domestic_dog|2007.707	1824	0.42677561282212445	0.0	0.9616228070175439		0
FJ461700|domestic_dog|2007.789	1824	0.42677561282212445	0.0	0.9616228070175439		0
KR002660|domestic_dog|2013.847	1824	0.42677561282212445	0.0	0.9616228070175439		0
KR002657|domestic_dog|2013.847	1824	0.42677561282212445	0.0	0.9616228070175439		0
KR002659|domestic_dog|2013.847	1824	0.42677561282212445	0.0	0.9616228070175439		0
FJ461711|domestic_dog|2007.622	1824	0.42677561282212445	0.0	0.9616228070175439		0
FJ461707|domestic_dog|2007.707	1824	0.42677561282212445	0.0	0.9616228070175439		0
PV712669|wild_canid|2022.592	1824	0.42677561282212445	0.0	0.9616228070175439		0
OQ807208|domestic_dog|2022.500	1824	0.42677561282212445	0.0	0.9616228070175439		0
KR002661|domestic_dog|2013.822	1824	0.42677561282212445	0.0	0.9616228070175439		0
PZ845990|domestic_dog|2020.623	1824	0.42677561282212445	0.0	0.9616228070175439		0
KX708720|wild_felid|2006.781	1824	0.42677561282212445	0.0	0.9616228070175439		0
PZ845989|domestic_dog|2020.623	1824	0.42677561282212445	0.0	0.9616228070175439		0
KP769803|ursid|2014.997	1824	0.42677561282212445	0.0	0.9616228070175439		0
KY774578|domestic_dog|2016.790	1824	0.42677561282212445	0.0	0.9616228070175439		0
MT350712|domestic_dog|2018.858	1824	0.42677561282212445	0.0	0.9616228070175439		0
HM623895|domestic_dog|2009.288	1824	0.42677561282212445	0.0	0.9616228070175439		0
MW239877|domestic_dog|2020.656	1824	0.42677561282212445	0.0	0.9616228070175439		0
HQ850147|domestic_dog|2008.708	1824	0.42677561282212445	0.0	0.9616228070175439		0
PZ845988|domestic_dog|2020.623	1824	0.42677561282212445	0.0	0.9616228070175439		0
OR777862|domestic_dog|2018.500	1824	0.42677561282212445	0.0	0.9616228070175439		0
MF964178|domestic_dog|2016.500	1824	0.42677561282212445	0.0	0.9616228070175439		0
MF964181|domestic_dog|2016.500	1824	0.42677561282212445	0.0	0.9616228070175439		0
MF964179|domestic_dog|2016.500	1824	0.42677561282212445	0.0	0.9616228070175439		0
PP977570|domestic_dog|2019.500	1824	0.42677561282212445	0.0	0.9616228070175439		0
MF100809|domestic_dog|2013.671	1824	0.42677561282212445	0.0	0.9616228070175439		0
MF926605|domestic_dog|2017.041	1824	0.42677561282212445	0.0	0.9616228070175439		0
HM623891|domestic_dog|2009.288	1824	0.42677561282212445	0.0	0.9616228070175439		0
KY774575|domestic_dog|2016.790	1824	0.42677561282212445	0.0	0.9616228070175439		0
MW048559|domestic_dog|2020.500	1824	0.42677561282212445	0.0	0.9616228070175439		0
KF767692|wild_canid|2013.597	1824	0.42677561282212445	0.0	0.9616228070175439		0
MF100798|domestic_dog|2016.489	1824	0.42677561282212445	0.0	0.9616228070175439		0
MW828752|mustelid|2017.500	1071	0.6634192331866751	0.0	0.96171802054155	mostly_gaps	0
MW828742|wild_canid|2018.500	1071	0.6634192331866751	0.0	0.96171802054155	mostly_gaps	0
MW828739|wild_canid|2016.500	1071	0.6634192331866751	0.0	0.96171802054155	mostly_gaps	0
MW828743|wild_canid|2018.500	1071	0.6634192331866751	0.0	0.96171802054155	mostly_gaps	0
PX789699|procyonid|2022.926	1099	0.6546197360150848	0.0	0.9617834394904459	mostly_gaps;internal_stop	26
PX789673|procyonid|2023.258	1102	0.6536769327467001	0.0	0.9618874773139746	mostly_gaps;internal_stop	27
KM066098|domestic_dog|2012.500	630	0.8020113136392206	0.0	0.9619047619047619	mostly_gaps	0
MH118277|domestic_dog|2017.500	1812	0.4305468258956631	0.0	0.9619205298013245		0
PP151307|wild_canid|2023.500	552	0.8265241986172219	0.0	0.9619565217391305	mostly_gaps	0
MT350719|domestic_dog|2018.773	736	0.7686989314896292	0.0	0.9619565217391305	mostly_gaps	0
PP151309|wild_canid|2023.500	552	0.8265241986172219	0.0	0.9619565217391305	mostly_gaps	0
PP151308|wild_canid|2023.500	552	0.8265241986172219	0.0	0.9619565217391305	mostly_gaps	0
MH810099|domestic_dog|2017.970	1947	0.3881206788183532	0.0005136106831022085	0.9619732785200411	internal_stop	37
OR652073|domestic_dog|2023.000	1791	0.43714644877435577	0.0	0.9620323841429369		0
OR652071|domestic_dog|2023.000	1822	0.4274041483343809	0.0	0.9621295279912184		0
MW013491|domestic_dog|2018.500	1824	0.42677561282212445	0.0	0.962171052631579		0
KX943320|domestic_dog|2016.046	1824	0.42677561282212445	0.0	0.962171052631579		0
JX844221|wild_canid|2012.593	1824	0.42677561282212445	0.0	0.962171052631579		0
PQ241497|domestic_dog|2019.178	1824	0.42677561282212445	0.0	0.962171052631579		0
PX734755|domestic_dog|2016.500	1824	0.42677561282212445	0.0	0.962171052631579		0
PX734738|domestic_dog|2010.500	1824	0.42677561282212445	0.0	0.962171052631579		0
OQ807209|domestic_dog|2022.500	1824	0.42677561282212445	0.0	0.962171052631579		0
MK617351|domestic_dog|2017.500	1824	0.42677561282212445	0.0	0.962171052631579		0
HQ128599|domestic_dog|2010.370	1824	0.42677561282212445	0.0	0.962171052631579		0
KU983520|domestic_dog|2014.789	1824	0.42677561282212445	0.0	0.962171052631579		0
MW876862|wild_canid|2019.222	1824	0.42677561282212445	0.0	0.962171052631579		0
KR002658|domestic_dog|2013.847	1824	0.42677561282212445	0.0	0.962171052631579		0
MF964182|domestic_dog|2015.500	1824	0.42677561282212445	0.0	0.962171052631579		0
MF964187|domestic_dog|2016.500	1824	0.42677561282212445	0.0	0.962171052631579		0
MF926609|domestic_dog|2017.370	1824	0.42677561282212445	0.0	0.962171052631579		0
MF471690|mustelid|2014.500	1824	0.42677561282212445	0.0	0.962171052631579		0
JX844219|wild_canid|2012.601	1824	0.42677561282212445	0.0	0.962171052631579		0
LC159587|domestic_dog|2014.622	1824	0.42677561282212445	0.0	0.962171052631579		0
OP546526|wild_canid|2021.500	1824	0.42677561282212445	0.0	0.962171052631579		0
KF184986|domestic_dog|2003.500	582	0.8170961659333752	0.0	0.9621993127147767	mostly_gaps	0
JX886786|domestic_dog|2010.500	1544	0.5147705845380264	0.0	0.9624352331606217	mostly_gaps	0
MK037464|wild_felid|2018.500	1824	0.42677561282212445	0.005482456140350877	0.9625137816979051		0
FJ002276|domestic_dog|2003.500	1122	0.6473915776241358	0.0	0.9625668449197861	mostly_gaps	0
PX789694|procyonid|2022.814	1097	0.6552482715273413	0.0	0.9626253418413856	mostly_gaps;internal_stop	26
OK666928|wild_canid|2016.500	1338	0.57950974230044	0.0	0.9626307922272048	mostly_gaps	0
MW828740|wild_canid|2017.500	1071	0.6634192331866751	0.0	0.9626517273576097	mostly_gaps	0
MW828738|wild_canid|2017.500	1071	0.6634192331866751	0.0	0.9626517273576097	mostly_gaps	0
MW828741|wild_canid|2016.500	1071	0.6634192331866751	0.0	0.9626517273576097	mostly_gaps	0
MH813463|domestic_dog|2015.863	1824	0.42677561282212445	0.0	0.9627192982456141		0
KU847961|domestic_dog|2015.500	1824	0.42677561282212445	0.0	0.9627192982456141		0
MT012803|domestic_dog|2017.500	1824	0.42677561282212445	0.0	0.9627192982456141		0
MT350715|domestic_dog|2018.942	1824	0.42677561282212445	0.0	0.9627192982456141		0
FJ848531|domestic_dog|2008.328	1824	0.42677561282212445	0.0	0.9627192982456141	internal_stop	1
HQ128600|domestic_dog|2010.370	1824	0.42677561282212445	0.0	0.9627192982456141		0
OR652072|domestic_dog|2023.000	1824	0.42677561282212445	0.0	0.9627192982456141		0
EU325731|mustelid|2007.500	1824	0.42677561282212445	0.0	0.9627192982456141		0
KJ437596|domestic_dog|2012.500	1824	0.42677561282212445	0.0	0.9627192982456141		0
KY774571|domestic_dog|2016.790	1824	0.42677561282212445	0.0	0.9627192982456141		0
OP546523|wild_canid|2021.500	1824	0.42677561282212445	0.0	0.9627192982456141		0
OP546522|wild_canid|2021.500	1824	0.42677561282212445	0.0	0.9627192982456141		0
OP546528|wild_canid|2021.500	1824	0.42677561282212445	0.0	0.9627192982456141		0
OP546525|wild_canid|2021.500	1824	0.42677561282212445	0.0	0.9627192982456141		0
MF964183|domestic_dog|2015.500	1824	0.42677561282212445	0.0	0.9627192982456141		0
MW535267|ailurid|2018.789	1824	0.42677561282212445	0.0	0.9627192982456141		0
EU296484|domestic_dog|2006.500	1824	0.42677561282212445	0.0	0.9627192982456141		0
PQ241488|domestic_dog|2020.585	1824	0.42677561282212445	0.0	0.9627192982456141		0
PV712680|domestic_dog|2023.263	1824	0.42677561282212445	0.0	0.9627192982456141		0
PX734735|domestic_dog|2016.500	1824	0.42677561282212445	0.0	0.9627192982456141		0
MH496776|domestic_dog|2014.500	1824	0.42677561282212445	0.0	0.9627192982456141		0
PV712672|domestic_dog|2022.318	1824	0.42677561282212445	0.0	0.9627192982456141		0
FJ423607|domestic_dog|2008.500	1824	0.42677561282212445	0.0	0.9627192982456141		0
KP872502|wild_canid|2010.789	1824	0.42677561282212445	0.0	0.9627192982456141		0
MF100799|domestic_dog|2016.426	1824	0.42677561282212445	0.0	0.9627192982456141		0
OP546520|wild_canid|2021.500	1824	0.42677561282212445	0.0	0.9627192982456141		0
OP546521|wild_canid|2021.500	1824	0.42677561282212445	0.0	0.9627192982456141		0
MF926608|domestic_dog|2017.288	1824	0.42677561282212445	0.0	0.9627192982456141		0
MW535268|ailurid|2019.370	1824	0.42677561282212445	0.0	0.9627192982456141		0
GQ332533|domestic_dog|2008.372	1824	0.42677561282212445	0.0	0.9627192982456141		0
OP546529|mustelid|2021.500	1824	0.42677561282212445	0.0	0.9627192982456141		0
KP765764|wild_canid|2010.500	1824	0.42677561282212445	0.0	0.9627192982456141		0
KX371586|domestic_dog|2016.145	1824	0.42677561282212445	0.0	0.9627192982456141		0
MF926607|domestic_dog|2017.203	1824	0.42677561282212445	0.0	0.9627192982456141		0
JX844218|wild_canid|2011.627	1824	0.42677561282212445	0.0	0.9627192982456141		0
KT119347|domestic_dog|2015.011	1824	0.42677561282212445	0.0	0.9627192982456141		0
KX943324|domestic_dog|2015.400	1824	0.42677561282212445	0.0	0.9627192982456141		0
FJ461713|domestic_dog|2007.622	1824	0.42677561282212445	0.0	0.9627192982456141		0
PQ241489|domestic_dog|2017.682	1824	0.42677561282212445	0.0	0.9627192982456141		0
MF100803|domestic_dog|2015.290	1824	0.42677561282212445	0.0	0.9627192982456141		0
OR652077|domestic_dog|2023.000	1824	0.42677561282212445	0.0	0.9627192982456141		0
KC916718|other|1994.500	671	0.7891263356379635	0.0	0.96274217585693	mostly_gaps;internal_stop	14
KP756699|wild_canid|2011.500	1695	0.46731615336266497	0.0	0.9628318584070796		0
KU598866|domestic_dog|2014.500	917	0.7118164676304212	0.0	0.9629225736095965	mostly_gaps	0
MG672449|wild_canid|2012.500	513	0.8387806411062225	0.0	0.9629629629629629	mostly_gaps	0
MG922459|domestic_dog|2016.951	1785	0.4390320553111251	0.0	0.9630252100840336		0
JX886776|domestic_dog|2010.500	1544	0.5147705845380264	0.0	0.9630829015544041	mostly_gaps	0
JX886774|domestic_dog|2011.500	1544	0.5147705845380264	0.0	0.9630829015544041	mostly_gaps	0
AM422866|domestic_dog|2003.500	871	0.7262727844123193	0.0	0.9632606199770379	mostly_gaps	0
AM422861|domestic_dog|2003.500	871	0.7262727844123193	0.0	0.9632606199770379	mostly_gaps	0
EU325721|wild_canid|2007.500	1824	0.42677561282212445	0.0	0.9632675438596491		0
FJ461723|domestic_dog|2007.789	1824	0.42677561282212445	0.0	0.9632675438596491		0
MF926606|domestic_dog|2017.203	1824	0.42677561282212445	0.0	0.9632675438596491		0
KX371584|domestic_dog|2016.019	1824	0.42677561282212445	0.0	0.9632675438596491		0
FJ848534|domestic_dog|2008.342	1824	0.42677561282212445	0.0	0.9632675438596491		0
OP546524|wild_canid|2021.500	1824	0.42677561282212445	0.0	0.9632675438596491		0
PQ241496|domestic_dog|2023.690	1824	0.42677561282212445	0.0	0.9632675438596491		0
MW048556|domestic_dog|2018.500	1824	0.42677561282212445	0.0	0.9632675438596491		0
KX943325|domestic_dog|2015.767	1824	0.42677561282212445	0.0	0.9632675438596491		0
KX943323|domestic_dog|2015.151	1824	0.42677561282212445	0.0	0.9632675438596491		0
MF663673|domestic_dog|2016.030	1824	0.42677561282212445	0.0	0.9632675438596491		0
PX734741|domestic_dog|2014.500	1824	0.42677561282212445	0.0	0.9632675438596491		0
FJ848532|domestic_dog|2008.071	1824	0.42677561282212445	0.0	0.9632675438596491		0
PX734743|domestic_dog|2015.500	1824	0.42677561282212445	0.0	0.9632675438596491		0
JQ732175|domestic_dog|2011.500	1824	0.42677561282212445	0.0	0.9632675438596491		0
GQ332530|domestic_dog|2008.372	1824	0.42677561282212445	0.0	0.9632675438596491		0
MK617352|domestic_dog|2017.500	1824	0.42677561282212445	0.0	0.9632675438596491		0
FJ461716|domestic_dog|2007.707	1824	0.42677561282212445	0.0	0.9632675438596491		0
PX734740|domestic_dog|2015.500	1824	0.42677561282212445	0.0	0.9632675438596491		0
PX734734|domestic_dog|2006.500	1824	0.42677561282212445	0.0	0.9632675438596491		0
KX943322|domestic_dog|2016.415	1824	0.42677561282212445	0.0	0.9632675438596491		0
MF663674|domestic_dog|2016.025	1824	0.42677561282212445	0.0	0.9632675438596491		0
PQ241486|domestic_dog|2022.556	1824	0.42677561282212445	0.0	0.9632675438596491		0
EU296481|domestic_dog|2005.500	1824	0.42677561282212445	0.0	0.9632675438596491		0
KU983522|domestic_dog|2014.874	1824	0.42677561282212445	0.0	0.9632675438596491		0
EU296490|domestic_dog|2005.500	1824	0.42677561282212445	0.0	0.9632675438596491		0
LC342298|procyonid|2016.202	1824	0.42677561282212445	0.0	0.9632675438596491		0
MT350718|domestic_dog|2018.759	736	0.7686989314896292	0.0	0.9633152173913043	mostly_gaps	0
KM066099|domestic_dog|2012.500	630	0.8020113136392206	0.0	0.9634920634920635	mostly_gaps	0
PX904028|domestic_dog|2022.500	1671	0.4748585795097423	0.0	0.9634949132256134		0
OM273974|domestic_dog|2019.500	603	0.8104965430546826	0.0	0.9635157545605307	mostly_gaps	0
OM273980|domestic_dog|2019.500	603	0.8104965430546826	0.0	0.9635157545605307	mostly_gaps	0
OM273973|domestic_dog|2019.500	603	0.8104965430546826	0.0	0.9635157545605307	mostly_gaps	0
MH091812|domestic_dog|2017.500	1812	0.4305468258956631	0.0	0.9635761589403974		0
MW828737|wild_canid|2018.500	1071	0.6634192331866751	0.0	0.9635854341736695	mostly_gaps	0
MW828750|wild_canid|2020.500	1071	0.6634192331866751	0.0	0.9635854341736695	mostly_gaps	0
MW828751|wild_canid|2020.500	1071	0.6634192331866751	0.0	0.9635854341736695	mostly_gaps	0
KC415046|viverrid|2011.707	1541	0.5157133878064111	0.0	0.963659961064244	mostly_gaps	0
KC415047|viverrid|2011.707	1541	0.5157133878064111	0.0	0.963659961064244	mostly_gaps	0
KC415049|viverrid|2011.707	1541	0.5157133878064111	0.0	0.963659961064244	mostly_gaps	0
KC415048|viverrid|2011.707	1541	0.5157133878064111	0.0	0.963659961064244	mostly_gaps	0
JX886777|domestic_dog|2010.500	1544	0.5147705845380264	0.0	0.9637305699481865	mostly_gaps	0
MF100810|domestic_dog|2013.592	1824	0.42677561282212445	0.0	0.9638157894736842		0
JQ732172|domestic_dog|2010.500	1824	0.42677561282212445	0.0	0.9638157894736842		0
KX499865|wild_canid|2015.500	1824	0.42677561282212445	0.0	0.9638157894736842		0
KC916714|wild_canid|2011.500	1824	0.42677561282212445	0.0	0.9638157894736842		0
MF100805|domestic_dog|2015.238	1824	0.42677561282212445	0.0	0.9638157894736842		0
KU578254|wild_canid|2011.500	1824	0.42677561282212445	0.0	0.9638157894736842		0
MK408453|mustelid|2017.455	1824	0.42677561282212445	0.0	0.9638157894736842		0
LC159584|domestic_dog|2014.030	1824	0.42677561282212445	0.0	0.9638157894736842		0
MK617350|domestic_dog|2017.500	1824	0.42677561282212445	0.0	0.9638157894736842		0
MW013489|domestic_dog|2018.500	1824	0.42677561282212445	0.0	0.9638157894736842		0
LC159586|domestic_dog|2014.652	1824	0.42677561282212445	0.0	0.9638157894736842		0
MF100807|domestic_dog|2014.729	1824	0.42677561282212445	0.0	0.9638157894736842		0
KY971528|wild_canid|2016.331	1824	0.42677561282212445	0.0	0.9638157894736842		0
EU325723|mustelid|2007.500	1824	0.42677561282212445	0.0	0.9638157894736842		0
EU325724|mustelid|2007.500	1824	0.42677561282212445	0.0	0.9638157894736842		0
KY774577|domestic_dog|2016.790	1824	0.42677561282212445	0.0	0.9638157894736842		0
FJ851450|domestic_dog|2008.262	1824	0.42677561282212445	0.0	0.9638157894736842		0
GQ332535|domestic_dog|2008.372	1824	0.42677561282212445	0.0	0.9638157894736842		0
MF964185|domestic_dog|2016.500	1824	0.42677561282212445	0.0	0.9638157894736842		0
FJ705231|domestic_dog|2008.500	1824	0.42677561282212445	0.0	0.9638157894736842		0
PX954424|wild_canid|2024.407	1824	0.42677561282212445	0.0	0.9638157894736842		0
PX734750|domestic_dog|2009.500	1824	0.42677561282212445	0.0	0.9638157894736842		0
MT012802|domestic_dog|2012.500	1824	0.42677561282212445	0.0	0.9638157894736842		0
KX943326|domestic_dog|2015.803	1824	0.42677561282212445	0.0	0.9638157894736842		0
JQ732174|wild_canid|2010.500	1824	0.42677561282212445	0.0	0.9638157894736842		0
KJ848781|domestic_dog|2014.288	1824	0.42677561282212445	0.0	0.9638157894736842		0
JQ732176|domestic_dog|2005.500	1824	0.42677561282212445	0.0	0.9638157894736842		0
JX276746|domestic_dog|2009.510	1824	0.42677561282212445	0.0	0.9638157894736842		0
OP209186|mustelid|2018.932	1824	0.42677561282212445	0.0	0.9638157894736842		0
KF184987|domestic_dog|2004.500	582	0.8170961659333752	0.0	0.9639175257731959	mostly_gaps	0
OP561471|domestic_dog|2020.331	1778	0.44123192960402263	0.0	0.9640044994375703		0
OP561470|domestic_dog|2020.331	1778	0.44123192960402263	0.0	0.9640044994375703		0
OP561468|domestic_dog|2020.331	1778	0.44123192960402263	0.0	0.9640044994375703		0
OP561479|domestic_dog|2020.331	1778	0.44123192960402263	0.0	0.9640044994375703		0
OK667009|procyonid|2015.500	1338	0.57950974230044	0.0	0.9641255605381166	mostly_gaps	0
OK666909|wild_canid|2017.500	1338	0.57950974230044	0.0	0.9641255605381166	mostly_gaps	0
OK666906|wild_canid|2017.500	1338	0.57950974230044	0.0	0.9641255605381166	mostly_gaps	0
OK666994|procyonid|2014.500	1338	0.57950974230044	0.0	0.9641255605381166	mostly_gaps	0
OK666920|wild_canid|2015.500	1338	0.57950974230044	0.0	0.9641255605381166	mostly_gaps	0
OK666934|wild_canid|2017.500	1338	0.57950974230044	0.0	0.9641255605381166	mostly_gaps	0
OK666974|procyonid|2014.500	1338	0.57950974230044	0.0	0.9641255605381166	mostly_gaps	0
OK666926|wild_canid|2015.500	1338	0.57950974230044	0.0	0.9641255605381166	mostly_gaps	0
MF964180|domestic_dog|2016.500	1824	0.42677561282212445	0.0	0.9643640350877193		0
OR880601|domestic_dog|2023.159	1824	0.42677561282212445	0.0	0.9643640350877193		0
OP209187|mustelid|2019.230	1824	0.42677561282212445	0.0	0.9643640350877193		0
OR880598|domestic_dog|2023.159	1824	0.42677561282212445	0.0	0.9643640350877193		0
FJ461715|domestic_dog|2007.622	1824	0.42677561282212445	0.0	0.9643640350877193		0
FJ848536|domestic_dog|2008.295	1824	0.42677561282212445	0.0	0.9643640350877193		0
FJ851457|domestic_dog|2008.025	1824	0.42677561282212445	0.0	0.9643640350877193	internal_stop	1
EU325726|wild_canid|2006.500	1824	0.42677561282212445	0.0	0.9643640350877193		0
KX943321|domestic_dog|2016.492	1824	0.42677561282212445	0.0	0.9643640350877193		0
MT292106|wild_felid|2019.500	1824	0.42677561282212445	0.0	0.9643640350877193		0
FJ461699|domestic_dog|2007.622	1824	0.42677561282212445	0.0	0.9643640350877193		0
FJ461696|domestic_dog|2007.622	1824	0.42677561282212445	0.0	0.9643640350877193		0
OR880599|domestic_dog|2023.159	1824	0.42677561282212445	0.0	0.9643640350877193		0
MW013486|domestic_dog|2019.500	1824	0.42677561282212445	0.0	0.9643640350877193		0
MH496779|domestic_dog|2014.500	1824	0.42677561282212445	0.0	0.9643640350877193		0
OR515839|wild_canid|2019.500	1824	0.42677561282212445	0.0	0.9643640350877193		0
KX545421|wild_canid|2016.087	1824	0.42677561282212445	0.0	0.9643640350877193		0
MF100800|domestic_dog|2016.145	1824	0.42677561282212445	0.0	0.9643640350877193		0
FJ461705|domestic_dog|2007.707	1824	0.42677561282212445	0.0	0.9643640350877193		0
PX656920|domestic_dog|2021.816	1824	0.42677561282212445	0.0	0.9643640350877193		0
PX789678|domestic_dog|2021.041	1824	0.42677561282212445	0.0	0.9643640350877193		0
OR880600|domestic_dog|2023.159	1824	0.42677561282212445	0.0	0.9643640350877193		0
FJ423608|wild_canid|2004.500	1824	0.42677561282212445	0.0	0.9643640350877193		0
FJ810214|wild_canid|2008.500	1824	0.42677561282212445	0.0	0.9643640350877193		0
KU983519|domestic_dog|2015.123	1824	0.42677561282212445	0.0	0.9643640350877193		0
FJ851451|domestic_dog|2008.046	1824	0.42677561282212445	0.0	0.9643640350877193		0
MW984536|mustelid|2016.301	1572	0.5059710873664363	0.0	0.9643765903307888	mostly_gaps	0
AM422856|domestic_dog|2003.500	871	0.7262727844123193	0.0	0.9644087256027555	mostly_gaps	0
KU052893|domestic_dog|2014.500	1742	0.4525455688246386	0.0	0.9644087256027555		0
AM422864|domestic_dog|2003.500	871	0.7262727844123193	0.0	0.9644087256027555	mostly_gaps	0
MW828736|wild_canid|2017.500	1071	0.6634192331866751	0.0	0.9645191409897292	mostly_gaps	0
MW828748|wild_canid|2019.500	1071	0.6634192331866751	0.0	0.9645191409897292	mostly_gaps	0
MH118274|domestic_dog|2017.500	1804	0.4330609679446889	0.0	0.9645232815964523		0
OP561485|domestic_dog|2020.331	1778	0.44123192960402263	0.0	0.9645669291338582		0
OP561464|domestic_dog|2020.331	1778	0.44123192960402263	0.0	0.9645669291338582		0
OP561475|domestic_dog|2020.331	1778	0.44123192960402263	0.0	0.9645669291338582		0
OP561486|domestic_dog|2020.331	1778	0.44123192960402263	0.0	0.9645669291338582		0
OP561477|domestic_dog|2020.331	1778	0.44123192960402263	0.0	0.9645669291338582		0
OP561474|domestic_dog|2020.331	1778	0.44123192960402263	0.0	0.9645669291338582		0
OP561484|domestic_dog|2020.331	1778	0.44123192960402263	0.0	0.9645669291338582		0
OK666907|wild_canid|2017.500	1158	0.6360779384035198	0.0	0.9645941278065631	mostly_gaps	0
KC590510|domestic_dog|2012.628	1812	0.4305468258956631	0.0	0.9646799116997793		0
FJ694853|domestic_dog|2008.500	1758	0.44751728472658703	0.0	0.9647326507394767		0
FJ694852|domestic_dog|2008.500	1758	0.44751728472658703	0.0	0.9647326507394767		0
OK667032|procyonid|2016.500	1335	0.5804525455688246	0.0	0.9647940074906367	mostly_gaps	0
OM273979|domestic_dog|2019.500	597	0.8123821495914519	0.0	0.964824120603015	mostly_gaps	0
OM273972|domestic_dog|2019.500	597	0.8123821495914519	0.0	0.964824120603015	mostly_gaps	0
OK666886|mustelid|2016.500	1338	0.57950974230044	0.0	0.9648729446935725	mostly_gaps	0
OK667039|procyonid|2017.500	1338	0.57950974230044	0.0	0.9648729446935725	mostly_gaps	0
OK666912|wild_canid|2017.500	1338	0.57950974230044	0.0	0.9648729446935725	mostly_gaps	0
OK667043|procyonid|2017.500	1338	0.57950974230044	0.0	0.9648729446935725	mostly_gaps	0
OK666924|wild_canid|2015.500	1338	0.57950974230044	0.0	0.9648729446935725	mostly_gaps	0
MN335911|wild_felid|1994.879	911	0.7137020741671904	0.0	0.964873765093304	mostly_gaps;internal_stop	22
JQ732177|domestic_dog|2011.500	1824	0.42677561282212445	0.0	0.9649122807017544		0
FJ810213|wild_canid|2008.500	1824	0.42677561282212445	0.0	0.9649122807017544		0
MK037465|wild_felid|2018.500	1824	0.42677561282212445	0.0	0.9649122807017544		0
MK037463|wild_felid|2018.500	1824	0.42677561282212445	0.0	0.9649122807017544		0
MK037466|wild_felid|2018.500	1824	0.42677561282212445	0.0	0.9649122807017544		0
MK037467|wild_felid|2018.500	1824	0.42677561282212445	0.0	0.9649122807017544		0
MK037468|wild_felid|2018.500	1824	0.42677561282212445	0.0	0.9649122807017544		0
MK037469|wild_felid|2018.500	1824	0.42677561282212445	0.0	0.9649122807017544		0
OR515850|wild_canid|2023.500	1824	0.42677561282212445	0.0	0.9649122807017544		0
OR515849|wild_canid|2023.500	1824	0.42677561282212445	0.0	0.9649122807017544		0
OR515848|wild_canid|2023.500	1824	0.42677561282212445	0.0	0.9649122807017544		0
MK037459|wild_felid|2018.500	1824	0.42677561282212445	0.0	0.9649122807017544		0
MK037460|wild_felid|2018.500	1824	0.42677561282212445	0.0	0.9649122807017544		0
MK037461|wild_felid|2018.500	1824	0.42677561282212445	0.0	0.9649122807017544		0
MK037462|wild_felid|2018.500	1824	0.42677561282212445	0.0	0.9649122807017544		0
FJ705234|domestic_dog|2008.500	1824	0.42677561282212445	0.0	0.9649122807017544		0
OR515851|wild_canid|2022.500	1824	0.42677561282212445	0.0	0.9649122807017544		0
OR515845|wild_canid|2022.500	1824	0.42677561282212445	0.0	0.9649122807017544		0
FJ851458|domestic_dog|2008.500	1824	0.42677561282212445	0.0	0.9649122807017544		0
OR515840|wild_canid|2019.500	1824	0.42677561282212445	0.0	0.9649122807017544		0
OR515841|wild_canid|2019.500	1824	0.42677561282212445	0.0	0.9649122807017544		0
KX371588|domestic_dog|2016.210	1824	0.42677561282212445	0.0	0.9649122807017544		0
KC916715|wild_canid|2007.500	1824	0.42677561282212445	0.0	0.9649122807017544		0
EU564812|domestic_dog|2007.500	1824	0.42677561282212445	0.0	0.9649122807017544		0
KY774574|domestic_dog|2016.790	1824	0.42677561282212445	0.0	0.9649122807017544		0
MF100806|domestic_dog|2015.219	1824	0.42677561282212445	0.0	0.9649122807017544		0
OR515838|wild_canid|2019.500	1824	0.42677561282212445	0.0	0.9649122807017544		0
OR529780|wild_canid|2015.500	1824	0.42677561282212445	0.0	0.9649122807017544		0
OR515843|wild_canid|2022.500	1824	0.42677561282212445	0.0	0.9649122807017544		0
FJ461698|domestic_dog|2007.622	1824	0.42677561282212445	0.0	0.9649122807017544		0
FJ461722|domestic_dog|2007.789	1824	0.42677561282212445	0.0	0.9649122807017544		0
FJ461720|domestic_dog|2007.622	1824	0.42677561282212445	0.0	0.9649122807017544		0
FJ461714|domestic_dog|2007.622	1824	0.42677561282212445	0.0	0.9649122807017544		0
FJ705233|domestic_dog|2008.500	1824	0.42677561282212445	0.0	0.9649122807017544		0
EU296488|domestic_dog|2005.500	1824	0.42677561282212445	0.0	0.9649122807017544		0
FJ461706|domestic_dog|2007.707	1824	0.42677561282212445	0.0	0.9649122807017544		0
OR161408|wild_felid|2020.500	1824	0.42677561282212445	0.0	0.9649122807017544		0
MW036800|wild_canid|2019.500	1824	0.42677561282212445	0.0	0.9649122807017544		0
PQ241492|domestic_dog|2017.677	1824	0.42677561282212445	0.0	0.9649122807017544		0
FJ461719|domestic_dog|2007.707	1824	0.42677561282212445	0.0	0.9649122807017544		0
FJ461718|domestic_dog|2007.622	1824	0.42677561282212445	0.0	0.9649122807017544		0
FJ851453|domestic_dog|2008.158	1824	0.42677561282212445	0.0	0.9649122807017544		0
FJ851455|domestic_dog|2008.309	1824	0.42677561282212445	0.0	0.9649122807017544		0
PX656922|domestic_dog|2011.553	1824	0.42677561282212445	0.0	0.9649122807017544		0
HM749644|domestic_dog|2009.203	1824	0.42677561282212445	0.0	0.9649122807017544		0
JQ732171|domestic_dog|2010.500	1824	0.42677561282212445	0.0	0.9649122807017544		0
JF343962|domestic_dog|2009.800	1824	0.42677561282212445	0.0	0.9649122807017544		0
OK557794|wild_canid|2021.500	1824	0.42677561282212445	0.0	0.9649122807017544		0
PP125190|mustelid|2023.493	485	0.8475801382778126	0.0	0.9649484536082474	mostly_gaps;internal_stop	7
KJ160517|domestic_dog|2011.041	1800	0.43431803896920174	0.0	0.965		0
OK667037|procyonid|2016.500	1318	0.5857950974230044	0.0	0.9650986342943855	mostly_gaps	0
PQ869777|wild_felid|2018.500	602	0.8108108108108109	0.0	0.9651162790697675	mostly_gaps;internal_stop	12
OP561466|domestic_dog|2020.331	1778	0.44123192960402263	0.0	0.9651293588301463		0
OP561488|domestic_dog|2020.331	1778	0.44123192960402263	0.0	0.9651293588301463		0
OP561465|domestic_dog|2020.331	1778	0.44123192960402263	0.0	0.9651293588301463		0
OP561480|domestic_dog|2020.331	1778	0.44123192960402263	0.0	0.9651293588301463		0
OP561469|domestic_dog|2020.331	1778	0.44123192960402263	0.0	0.9651293588301463		0
OP561482|domestic_dog|2020.331	1778	0.44123192960402263	0.0	0.9651293588301463		0
OP561483|domestic_dog|2020.331	1778	0.44123192960402263	0.0	0.9651293588301463		0
OK666937|wild_canid|2017.500	1291	0.5942803268384663	0.0	0.965143299767622	mostly_gaps	0
MH644852|mustelid|2017.660	1493	0.5307982401005656	0.0	0.9651707970529136	mostly_gaps;internal_stop	34
MH118278|domestic_dog|2017.500	1812	0.4305468258956631	0.0	0.9652317880794702		0
PX904029|domestic_dog|2022.500	1671	0.4748585795097423	0.0	0.9652902453620587		0
OK666876|mustelid|2016.500	1328	0.5826524198617222	0.0	0.9653614457831325	mostly_gaps	0
MG797669|domestic_dog|2017.500	1678	0.4726587052168448	0.0	0.965435041716329		0
MW828746|wild_canid|2016.500	1071	0.6634192331866751	0.0	0.965452847805789	mostly_gaps	0
MW828747|wild_canid|2016.500	1071	0.6634192331866751	0.0	0.965452847805789	mostly_gaps	0
MW828735|wild_canid|2020.500	1071	0.6634192331866751	0.0	0.965452847805789	mostly_gaps	0
FJ409464|domestic_dog|2008.500	1824	0.42677561282212445	0.0	0.9654605263157895		0
JX681125|wild_canid|2006.537	1824	0.42677561282212445	0.0	0.9654605263157895		0
KJ437594|domestic_dog|2011.500	1824	0.42677561282212445	0.0	0.9654605263157895		0
MF100802|domestic_dog|2015.578	1824	0.42677561282212445	0.0	0.9654605263157895		0
OK557793|wild_canid|2021.500	1824	0.42677561282212445	0.0	0.9654605263157895		0
OK557792|wild_canid|2021.500	1824	0.42677561282212445	0.0	0.9654605263157895		0
PX656919|domestic_dog|2021.803	1824	0.42677561282212445	0.0	0.9654605263157895		0
PX656921|domestic_dog|2021.901	1824	0.42677561282212445	0.0	0.9654605263157895		0
OR529789|wild_canid|2017.500	1824	0.42677561282212445	0.0	0.9654605263157895	internal_stop	1
OR515844|wild_canid|2022.500	1824	0.42677561282212445	0.0	0.9654605263157895		0
HQ540293|wild_canid|2006.500	1824	0.42677561282212445	0.0	0.9654605263157895		0
EU379560|mustelid|2007.500	1824	0.42677561282212445	0.0	0.9654605263157895		0
OR733215|wild_canid|2023.699	1824	0.42677561282212445	0.0	0.9654605263157895		0
ON533743|domestic_dog|2014.500	1824	0.42677561282212445	0.0	0.9654605263157895		0
OR515847|wild_canid|2022.500	1824	0.42677561282212445	0.0	0.9654605263157895		0
OR733214|wild_canid|2023.699	1824	0.42677561282212445	0.0	0.9654605263157895		0
OR515830|wild_canid|2015.500	1824	0.42677561282212445	0.0	0.9654605263157895		0
OR515829|wild_canid|2015.500	1824	0.42677561282212445	0.0	0.9654605263157895		0
HM448829|wild_canid|2009.630	1824	0.42677561282212445	0.0	0.9654605263157895		0
ON093253|domestic_dog|2016.500	1824	0.42677561282212445	0.0	0.9654605263157895		0
KJ437595|domestic_dog|2012.500	1824	0.42677561282212445	0.0	0.9654605263157895		0
OR515842|wild_canid|2021.500	1824	0.42677561282212445	0.0	0.9654605263157895		0
FJ461697|domestic_dog|2007.622	1824	0.42677561282212445	0.0	0.9654605263157895		0
FJ461695|domestic_dog|2007.707	1824	0.42677561282212445	0.0	0.9654605263157895		0
OK557790|wild_canid|2021.500	1824	0.42677561282212445	0.0	0.9654605263157895		0
OK557791|wild_canid|2021.500	1824	0.42677561282212445	0.0	0.9654605263157895		0
PP894823|wild_felid|2019.551	1824	0.42677561282212445	0.0	0.9654605263157895		0
FJ461721|domestic_dog|2007.707	1824	0.42677561282212445	0.0	0.9654605263157895		0
OK557786|wild_canid|2021.500	1824	0.42677561282212445	0.0	0.9654605263157895		0
OK557789|wild_canid|2021.500	1824	0.42677561282212445	0.0	0.9654605263157895		0
MN296413|domestic_dog|2011.500	1824	0.42677561282212445	0.0	0.9654605263157895		0
OK557784|wild_canid|2021.500	1824	0.42677561282212445	0.0	0.9654605263157895		0
OK557783|wild_canid|2021.500	1824	0.42677561282212445	0.0	0.9654605263157895		0
OK557788|wild_canid|2021.500	1824	0.42677561282212445	0.0	0.9654605263157895		0
FJ461704|domestic_dog|2007.707	1824	0.42677561282212445	0.0	0.9654605263157895		0
KJ437593|domestic_dog|2012.500	1824	0.42677561282212445	0.0	0.9654605263157895		0
KJ489382|domestic_dog|2012.500	1824	0.42677561282212445	0.0	0.9654605263157895		0
JN381191|domestic_dog|2011.370	1824	0.42677561282212445	0.0	0.9654605263157895		0
FJ848533|domestic_dog|2008.232	1824	0.42677561282212445	0.0	0.9654605263157895	internal_stop	1
FJ810215|wild_canid|2008.500	1824	0.42677561282212445	0.0	0.9654605263157895		0
PX656924|domestic_dog|2024.637	1824	0.42677561282212445	0.0	0.9654605263157895		0
FJ423604|wild_canid|2008.500	1824	0.42677561282212445	0.0	0.9654605263157895		0
FJ535063|domestic_dog|2008.230	1824	0.42677561282212445	0.0	0.9654605263157895		0
EU325730|wild_canid|2007.500	1824	0.42677561282212445	0.0	0.9654605263157895		0
OK557779|wild_canid|2021.500	1824	0.42677561282212445	0.0	0.9654605263157895		0
OK557780|wild_canid|2021.500	1824	0.42677561282212445	0.0	0.9654605263157895		0
OK557782|wild_canid|2021.500	1824	0.42677561282212445	0.0	0.9654605263157895		0
OP209185|mustelid|2021.164	1824	0.42677561282212445	0.0	0.9654605263157895		0
EU296485|domestic_dog|2006.500	1824	0.42677561282212445	0.0	0.9654605263157895		0
EU934233|wild_canid|2006.622	1824	0.42677561282212445	0.0	0.9654605263157895		0
OR515853|wild_canid|2015.500	1824	0.42677561282212445	0.0	0.9654605263157895		0
OR515846|wild_canid|2022.500	1824	0.42677561282212445	0.0	0.9654605263157895		0
FJ851454|domestic_dog|2008.186	1824	0.42677561282212445	0.0	0.9654605263157895		0
OR529781|wild_canid|2015.500	1824	0.42677561282212445	0.0	0.9654605263157895		0
OK666931|wild_canid|2017.500	1332	0.5813953488372093	0.0	0.9654654654654654	mostly_gaps	0
KU052892|domestic_dog|2014.500	1742	0.4525455688246386	0.0	0.965556831228473		0
AM422851|domestic_dog|2003.500	871	0.7262727844123193	0.0	0.965556831228473	mostly_gaps	0
OK666933|wild_canid|2017.500	1338	0.57950974230044	0.0	0.9656203288490284	mostly_gaps	0
OK667020|procyonid|2015.500	1338	0.57950974230044	0.0	0.9656203288490284	mostly_gaps	0
OK666890|mustelid|2016.500	1338	0.57950974230044	0.0	0.9656203288490284	mostly_gaps	0
OK666885|mustelid|2016.500	1338	0.57950974230044	0.0	0.9656203288490284	mostly_gaps	0
OK667014|procyonid|2015.500	1338	0.57950974230044	0.0	0.9656203288490284	mostly_gaps	0
OK667005|procyonid|2015.500	1338	0.57950974230044	0.0	0.9656203288490284	mostly_gaps	0
OK666914|wild_canid|2017.500	1338	0.57950974230044	0.0	0.9656203288490284	mostly_gaps	0
OK666908|wild_canid|2017.500	1338	0.57950974230044	0.0	0.9656203288490284	mostly_gaps	0
OK666881|mustelid|2016.500	1338	0.57950974230044	0.0	0.9656203288490284	mostly_gaps	0
OK666997|procyonid|2014.500	1338	0.57950974230044	0.0	0.9656203288490284	mostly_gaps	0
OK666910|wild_canid|2017.500	1338	0.57950974230044	0.0	0.9656203288490284	mostly_gaps	0
OK667008|procyonid|2015.500	1338	0.57950974230044	0.0	0.9656203288490284	mostly_gaps	0
OK666991|procyonid|2014.500	1338	0.57950974230044	0.0	0.9656203288490284	mostly_gaps	0
OK666987|procyonid|2014.500	1338	0.57950974230044	0.0	0.9656203288490284	mostly_gaps	0
OK666988|procyonid|2014.500	1338	0.57950974230044	0.0	0.9656203288490284	mostly_gaps	0
OK666936|wild_canid|2017.500	1338	0.57950974230044	0.0	0.9656203288490284	mostly_gaps	0
OK666888|mustelid|2016.500	1338	0.57950974230044	0.0	0.9656203288490284	mostly_gaps	0
OK666913|wild_canid|2017.500	1338	0.57950974230044	0.0	0.9656203288490284	mostly_gaps	0
OK666882|mustelid|2016.500	1338	0.57950974230044	0.0	0.9656203288490284	mostly_gaps	0
OK666996|procyonid|2014.500	1338	0.57950974230044	0.0	0.9656203288490284	mostly_gaps	0
OK667030|procyonid|2016.500	1338	0.57950974230044	0.0	0.9656203288490284	mostly_gaps	0
OK666872|mustelid|2015.500	1338	0.57950974230044	0.0	0.9656203288490284	mostly_gaps	0
OK666972|procyonid|2014.500	1338	0.57950974230044	0.0	0.9656203288490284	mostly_gaps	0
OK666923|wild_canid|2015.500	1338	0.57950974230044	0.0	0.9656203288490284	mostly_gaps	0
MN477224|domestic_dog|2019.707	669	0.78975487115022	0.0	0.9656203288490284	mostly_gaps	0
OK666939|mustelid|2014.500	1338	0.57950974230044	0.0	0.9656203288490284	mostly_gaps	0
OK666905|wild_canid|2017.500	1338	0.57950974230044	0.0	0.9656203288490284	mostly_gaps	0
OK666889|mustelid|2016.500	1314	0.5870521684475173	0.0	0.9657534246575342	mostly_gaps	0
MH644854|mustelid|2017.301	1492	0.531112507856694	0.0	0.9658176943699732	mostly_gaps;internal_stop	32
MH644849|wild_canid|2016.210	1492	0.531112507856694	0.0	0.9658176943699732	mostly_gaps;internal_stop	30
MW984534|mustelid|2016.336	1674	0.4739157762413576	0.0	0.9659498207885304		0
FJ011005|domestic_dog|2005.789	1821	0.4277184160905091	0.0	0.9659527732015376		0
AB687721|primate|2008.538	1824	0.42677561282212445	0.0	0.9660087719298246		0
KU521346|domestic_dog|2015.123	1824	0.42677561282212445	0.0	0.9660087719298246		0
MF100811|domestic_dog|2013.200	1824	0.42677561282212445	0.0	0.9660087719298246		0
EU296486|domestic_dog|2006.500	1824	0.42677561282212445	0.0	0.9660087719298246		0
OK557781|wild_canid|2021.500	1824	0.42677561282212445	0.0	0.9660087719298246		0
OK557795|wild_canid|2021.500	1824	0.42677561282212445	0.0	0.9660087719298246		0
HM448832|wild_canid|2009.630	1824	0.42677561282212445	0.0	0.9660087719298246		0
KJ466106|wild_canid|2012.500	1824	0.42677561282212445	0.0	0.9660087719298246		0
HM448830|wild_canid|2009.630	1824	0.42677561282212445	0.0	0.9660087719298246		0
FJ848535|domestic_dog|2008.262	1824	0.42677561282212445	0.0	0.9660087719298246		0
PX656916|domestic_dog|2018.816	1824	0.42677561282212445	0.0	0.9660087719298246		0
EU296487|domestic_dog|2005.500	1824	0.42677561282212445	0.0	0.9660087719298246		0
FJ705232|domestic_dog|2008.500	1824	0.42677561282212445	0.0	0.9660087719298246		0
FJ461703|domestic_dog|2007.622	1824	0.42677561282212445	0.0	0.9660087719298246		0
HM448833|wild_canid|2009.764	1824	0.42677561282212445	0.0	0.9660087719298246		0
EU564813|domestic_dog|2007.500	1824	0.42677561282212445	0.0	0.9660087719298246		0
FJ461693|domestic_dog|2007.622	1824	0.42677561282212445	0.0	0.9660087719298246		0
OR529788|wild_canid|2015.500	1824	0.42677561282212445	0.0	0.9660087719298246		0
LC007976|wild_canid|2012.735	1824	0.42677561282212445	0.0	0.9660087719298246		0
FJ851456|domestic_dog|2008.317	1824	0.42677561282212445	0.0	0.9660087719298246		0
MK617348|domestic_dog|2017.500	1824	0.42677561282212445	0.0	0.9660087719298246		0
OR529777|wild_canid|2015.500	1824	0.42677561282212445	0.0	0.9660087719298246		0
OR515833|wild_canid|2017.500	1824	0.42677561282212445	0.0	0.9660087719298246		0
OR529786|wild_canid|2015.500	1824	0.42677561282212445	0.0	0.9660087719298246		0
OR529782|wild_canid|2015.500	1824	0.42677561282212445	0.0	0.9660087719298246		0
GQ214373|domestic_dog|2003.500	1824	0.42677561282212445	0.0	0.9660087719298246		0
OR529787|wild_canid|2015.500	1824	0.42677561282212445	0.0	0.9660087719298246		0
MW036777|wild_canid|2019.500	1824	0.42677561282212445	0.0	0.9660087719298246		0
KY774573|domestic_dog|2016.790	1824	0.42677561282212445	0.0	0.9660087719298246		0
EU325729|wild_canid|2007.500	1824	0.42677561282212445	0.0	0.9660087719298246		0
FJ392651|domestic_dog|2005.500	1824	0.42677561282212445	0.0	0.9660087719298246		0
OK557785|wild_canid|2021.500	1824	0.42677561282212445	0.0	0.9660087719298246		0
OR515828|wild_canid|2015.500	1824	0.42677561282212445	0.0	0.9660087719298246		0
LC007974|wild_canid|2010.899	1824	0.42677561282212445	0.0	0.9660087719298246		0
OK667040|procyonid|2017.500	1324	0.5839094908862351	0.0	0.966012084592145	mostly_gaps	0
OK666930|wild_canid|2017.500	1239	0.6106222501571339	0.0008071025020177562	0.9660743134087237	mostly_gaps	0
OK666877|mustelid|2016.500	1329	0.5823381521055939	0.0	0.9661399548532731	mostly_gaps	0
OK666878|mustelid|2016.500	1329	0.5823381521055939	0.0	0.9661399548532731	mostly_gaps	0
OK667028|procyonid|2016.500	1333	0.581081081081081	0.0	0.9662415603900976	mostly_gaps	0
OP561463|domestic_dog|2020.331	1778	0.44123192960402263	0.0	0.9662542182227222		0
OP561478|domestic_dog|2020.331	1778	0.44123192960402263	0.0	0.9662542182227222		0
JN836737|mustelid|2009.723	1803	0.4333752357008171	0.013865779256794232	0.9662542182227222		0
OP561467|domestic_dog|2020.331	1778	0.44123192960402263	0.0	0.9662542182227222		0
OP561473|domestic_dog|2020.331	1778	0.44123192960402263	0.0	0.9662542182227222		0
OP561461|domestic_dog|2020.331	1778	0.44123192960402263	0.0	0.9662542182227222		0
OK667044|procyonid|2017.500	1335	0.5804525455688246	0.0	0.9662921348314607	mostly_gaps	0
OK667034|procyonid|2016.500	1336	0.5801382778126964	0.0	0.9663173652694611	mostly_gaps	0
JX886785|domestic_dog|2010.500	1544	0.5147705845380264	0.0	0.966321243523316	mostly_gaps	0
OK666879|mustelid|2016.500	1308	0.5889377749842866	0.0	0.9663608562691132	mostly_gaps	0
OK667026|procyonid|2016.500	1338	0.57950974230044	0.0	0.9663677130044843	mostly_gaps	0
OK667023|procyonid|2015.500	1338	0.57950974230044	0.0	0.9663677130044843	mostly_gaps	0
OK666884|mustelid|2016.500	1338	0.57950974230044	0.0	0.9663677130044843	mostly_gaps	0
OK666880|mustelid|2016.500	1338	0.57950974230044	0.0	0.9663677130044843	mostly_gaps	0
OK666981|procyonid|2014.500	1338	0.57950974230044	0.0	0.9663677130044843	mostly_gaps	0
OK666932|wild_canid|2017.500	1338	0.57950974230044	0.0	0.9663677130044843	mostly_gaps	0
OK666874|mustelid|2015.500	1338	0.57950974230044	0.0	0.9663677130044843	mostly_gaps	0
OK666983|procyonid|2014.500	1338	0.57950974230044	0.0	0.9663677130044843	mostly_gaps	0
OK666979|procyonid|2014.500	1338	0.57950974230044	0.0	0.9663677130044843	mostly_gaps	0
OK666929|wild_canid|2017.500	1338	0.57950974230044	0.0	0.9663677130044843	mostly_gaps	0
OK666911|wild_canid|2017.500	1338	0.57950974230044	0.0	0.9663677130044843	mostly_gaps	0
OK666968|procyonid|2014.500	1338	0.57950974230044	0.0	0.9663677130044843	mostly_gaps	0
OK666922|wild_canid|2015.500	1338	0.57950974230044	0.0	0.9663677130044843	mostly_gaps	0
OK667004|procyonid|2015.500	1338	0.57950974230044	0.0	0.9663677130044843	mostly_gaps	0
OK666986|procyonid|2014.500	1338	0.57950974230044	0.0	0.9663677130044843	mostly_gaps	0
MW828749|mustelid|2016.500	1071	0.6634192331866751	0.0	0.9663865546218487	mostly_gaps	0
PZ766578|wild_canid|2024.500	1785	0.4390320553111251	0.0	0.9663865546218487		0
PZ766577|wild_canid|2024.500	1785	0.4390320553111251	0.0	0.9663865546218487		0
PZ766576|wild_canid|2024.500	1785	0.4390320553111251	0.0	0.9663865546218487		0
MW197728|domestic_dog|2020.085	567	0.8218101822752986	0.0	0.9664902998236331	mostly_gaps;internal_stop	9
FJ977578|domestic_dog|2008.538	1672	0.47454431175361406	0.0	0.9665071770334929		0
OK667022|procyonid|2015.500	1314	0.5870521684475173	0.0	0.9665144596651446	mostly_gaps	0
OK666927|wild_canid|2015.500	1314	0.5870521684475173	0.0	0.9665144596651446	mostly_gaps	0
MK487378|ailurid|2016.500	1105	0.6527341294783156	0.0	0.9665158371040724	mostly_gaps	0
MT943490|wild_felid|2013.748	717	0.7746700188560653	0.0	0.9665271966527197	mostly_gaps;internal_stop	12
MW036787|mustelid|2019.500	1824	0.42677561282212445	0.0005482456140350877	0.9665386725178278		0
OR529783|wild_canid|2015.500	1824	0.42677561282212445	0.0	0.9665570175438597		0
MH430948|domestic_dog|2016.500	1824	0.42677561282212445	0.0	0.9665570175438597		0
OR515834|wild_canid|2015.500	1824	0.42677561282212445	0.0	0.9665570175438597		0
OR529784|wild_canid|2015.500	1824	0.42677561282212445	0.0	0.9665570175438597		0
KM923900|primate|2008.708	1824	0.42677561282212445	0.0	0.9665570175438597		0
EU684265|domestic_dog|2007.874	1824	0.42677561282212445	0.0	0.9665570175438597		0
MW036781|mustelid|2019.500	1824	0.42677561282212445	0.0	0.9665570175438597		0
OR515835|wild_canid|2015.500	1824	0.42677561282212445	0.0	0.9665570175438597		0
PQ241490|domestic_dog|2017.753	1824	0.42677561282212445	0.0	0.9665570175438597		0
FJ851452|domestic_dog|2008.145	1824	0.42677561282212445	0.0	0.9665570175438597		0
EU325722|wild_canid|2006.500	1824	0.42677561282212445	0.0	0.9665570175438597		0
PX445144|wild_canid|2018.288	1824	0.42677561282212445	0.0	0.9665570175438597		0
KF006819|procyonid|2013.079	1824	0.42677561282212445	0.0	0.9665570175438597		0
EU296489|domestic_dog|2005.500	1824	0.42677561282212445	0.0	0.9665570175438597		0
PV806610|domestic_dog|2023.500	1824	0.42677561282212445	0.0	0.9665570175438597		0
EU716072|domestic_dog|2007.041	1824	0.42677561282212445	0.0	0.9665570175438597		0
LC007975|wild_canid|2011.263	1824	0.42677561282212445	0.0	0.9665570175438597		0
KF856711|primate|2006.500	1824	0.42677561282212445	0.0	0.9665570175438597		0
KF006820|mustelid|2013.082	1824	0.42677561282212445	0.0	0.9665570175438597		0
MF964190|viverrid|2016.500	1824	0.42677561282212445	0.0	0.9665570175438597		0
MK423859|domestic_dog|2018.537	1824	0.42677561282212445	0.0	0.9665570175438597		0
JQ732173|wild_canid|2006.500	1824	0.42677561282212445	0.0	0.9665570175438597		0
FJ705230|domestic_dog|2008.500	1824	0.42677561282212445	0.0	0.9665570175438597		0
MT149210|viverrid|2017.041	1824	0.42677561282212445	0.0	0.9665570175438597		0
KT266751|domestic_dog|2014.268	509	0.8400377121307354	0.0	0.9666011787819253	mostly_gaps	0
KT266739|domestic_dog|2013.334	509	0.8400377121307354	0.0	0.9666011787819253	mostly_gaps	0
KT266743|domestic_dog|2013.414	509	0.8400377121307354	0.0	0.9666011787819253	mostly_gaps	0
PX789695|procyonid|2022.819	1110	0.6511627906976745	0.0	0.9666666666666667	mostly_gaps;internal_stop	24
OK666935|wild_canid|2017.500	1320	0.585166561910748	0.0	0.9666666666666667	mostly_gaps	0
AM422862|domestic_dog|2003.500	871	0.7262727844123193	0.0	0.9667049368541906	mostly_gaps	0
MT932491|domestic_dog|2013.863	1824	0.42677561282212445	0.4720394736842105	0.9667705088265836	ambiguous>5%	0
OP561472|domestic_dog|2020.331	1778	0.44123192960402263	0.0	0.9668166479190101		0
OM273975|domestic_dog|2019.500	543	0.8293526084223759	0.0	0.9668508287292817	mostly_gaps	0
LC011103|domestic_dog|2013.310	1118	0.6486486486486487	0.0	0.9669051878354203	mostly_gaps	0
PZ766575|wild_canid|2024.500	1785	0.4390320553111251	0.0	0.9669467787114846		0
OK667029|procyonid|2016.500	1332	0.5813953488372093	0.0	0.9669669669669669	mostly_gaps	0
JX886782|domestic_dog|2009.500	1544	0.5147705845380264	0.0	0.9669689119170984	mostly_gaps	0
JX886788|domestic_dog|2009.500	1544	0.5147705845380264	0.0	0.9669689119170984	mostly_gaps	0
JX886778|domestic_dog|2011.500	1544	0.5147705845380264	0.0	0.9669689119170984	mostly_gaps	0
OK667012|procyonid|2015.500	1333	0.581081081081081	0.0	0.9669917479369843	mostly_gaps	0
OK667024|procyonid|2016.500	1335	0.5804525455688246	0.0	0.9670411985018726	mostly_gaps	0
OK667033|procyonid|2016.500	1336	0.5801382778126964	0.0	0.9670658682634731	mostly_gaps	0
OK667041|procyonid|2017.500	1336	0.5801382778126964	0.0	0.9670658682634731	mostly_gaps	0
OK667019|procyonid|2015.500	1336	0.5801382778126964	0.0	0.9670658682634731	mostly_gaps	0
EU325720|wild_canid|2007.500	1824	0.42677561282212445	0.0	0.9671052631578947		0
MN326827|mustelid|2013.789	1824	0.42677561282212445	0.0	0.9671052631578947		0
FJ705235|domestic_dog|2008.500	1824	0.42677561282212445	0.0	0.9671052631578947		0
MG952927|domestic_dog|2012.456	1824	0.42677561282212445	0.0	0.9671052631578947		0
GQ332532|domestic_dog|2008.372	1824	0.42677561282212445	0.0	0.9671052631578947		0
MF766023|domestic_dog|2008.500	1824	0.42677561282212445	0.0	0.9671052631578947		0
KU578253|wild_canid|2007.500	1824	0.42677561282212445	0.0	0.9671052631578947		0
KC427278|mustelid|2008.511	1824	0.42677561282212445	0.0	0.9671052631578947		0
HQ540292|domestic_dog|2007.500	1824	0.42677561282212445	0.0	0.9671052631578947		0
OR529775|wild_canid|2014.500	1824	0.42677561282212445	0.0	0.9671052631578947		0
OR492629|wild_canid|2014.500	1824	0.42677561282212445	0.0	0.9671052631578947		0
OR515837|wild_canid|2019.500	1824	0.42677561282212445	0.0	0.9671052631578947		0
OR515852|wild_canid|2023.500	1824	0.42677561282212445	0.0	0.9671052631578947		0
GQ214369|mustelid|2007.500	1824	0.42677561282212445	0.0	0.9671052631578947		0
OR529785|wild_canid|2015.500	1824	0.42677561282212445	0.0	0.9671052631578947		0
OR515836|wild_canid|2019.500	1824	0.42677561282212445	0.0	0.9671052631578947		0
OR529779|wild_canid|2015.500	1824	0.42677561282212445	0.0	0.9671052631578947		0
MF964186|domestic_dog|2016.500	1824	0.42677561282212445	0.0	0.9671052631578947		0
OR515832|wild_canid|2016.500	1824	0.42677561282212445	0.0	0.9671052631578947		0
OR123691|wild_felid|2016.377	1824	0.42677561282212445	0.0	0.9671052631578947		0
PV712668|domestic_dog|2022.564	1824	0.42677561282212445	0.0	0.9671052631578947		0
PQ241485|domestic_dog|2022.381	1824	0.42677561282212445	0.0	0.9671052631578947		0
FJ405224|primate|2008.634	1824	0.42677561282212445	0.0	0.9671052631578947		0
FJ405223|primate|2008.634	1824	0.42677561282212445	0.0	0.9671052631578947		0
HM448831|wild_canid|2009.633	1824	0.42677561282212445	0.0	0.9671052631578947		0
OL795426|wild_canid|2015.500	1824	0.42677561282212445	0.0	0.9671052631578947		0
OL795423|wild_canid|2016.500	1824	0.42677561282212445	0.0	0.9671052631578947		0
OR529776|wild_canid|2015.500	1824	0.42677561282212445	0.0	0.9671052631578947		0
AB687720|primate|2008.538	1824	0.42677561282212445	0.0	0.9671052631578947		0
OK667003|procyonid|2014.500	1338	0.57950974230044	0.0	0.9671150971599403	mostly_gaps	0
OK666978|procyonid|2014.500	1338	0.57950974230044	0.0	0.9671150971599403	mostly_gaps	0
OK666925|wild_canid|2015.500	1338	0.57950974230044	0.0	0.9671150971599403	mostly_gaps	0
OK666883|mustelid|2016.500	1338	0.57950974230044	0.0	0.9671150971599403	mostly_gaps	0
OK666904|wild_canid|2016.500	1338	0.57950974230044	0.0	0.9671150971599403	mostly_gaps	0
OK666887|mustelid|2016.500	1338	0.57950974230044	0.0	0.9671150971599403	mostly_gaps	0
OK666985|procyonid|2014.500	1338	0.57950974230044	0.0	0.9671150971599403	mostly_gaps	0
OK666875|mustelid|2016.500	1338	0.57950974230044	0.0	0.9671150971599403	mostly_gaps	0
OK667025|procyonid|2016.500	1338	0.57950974230044	0.0	0.9671150971599403	mostly_gaps	0
OK667038|procyonid|2017.500	1338	0.57950974230044	0.0	0.9671150971599403	mostly_gaps	0
MN044699|wild_canid|2018.121	1704	0.464487743557511	0.0	0.9671361502347418		0
MH644855|mustelid|2016.973	1492	0.531112507856694	0.0	0.9671581769436998	mostly_gaps;internal_stop	32
PX224981|domestic_dog|2024.500	1188	0.6266499057196732	0.0	0.9671717171717171	mostly_gaps;internal_stop	1
JN836736|mustelid|2009.723	1803	0.4333752357008171	0.0	0.9672767609539656		0
JN836734|mustelid|2009.326	1803	0.4333752357008171	0.0	0.9672767609539656		0
JN836735|mustelid|2009.323	1803	0.4333752357008171	0.0	0.9672767609539656		0
OP561481|domestic_dog|2020.331	1778	0.44123192960402263	0.0	0.9673790776152981		0
MT773225|domestic_dog|2012.500	738	0.7680703959773727	0.0	0.967479674796748	mostly_gaps	0
KY094611|domestic_dog|2016.500	554	0.8258956631049654	0.0	0.9675090252707581	mostly_gaps;internal_stop	7
OK667015|procyonid|2015.500	1324	0.5839094908862351	0.0	0.9675226586102719	mostly_gaps	0
JX886783|domestic_dog|2010.500	1544	0.5147705845380264	0.0	0.9676165803108808	mostly_gaps	0
JX886781|domestic_dog|2009.500	1544	0.5147705845380264	0.0	0.9676165803108808	mostly_gaps	0
MT119980|domestic_dog|2019.288	1700	0.4657448145820239	0.0	0.9676470588235294	internal_stop	34
MG952929|domestic_dog|2010.874	1824	0.42677561282212445	0.0	0.9676535087719298		0
FJ848530|domestic_dog|2008.366	1824	0.42677561282212445	0.0	0.9676535087719298		0
MG952928|domestic_dog|2014.288	1824	0.42677561282212445	0.0	0.9676535087719298		0
OP209188|mustelid|2020.915	1824	0.42677561282212445	0.0	0.9676535087719298		0
ON533741|domestic_dog|2012.500	1824	0.42677561282212445	0.0	0.9676535087719298		0
AB605890|wild_canid|2008.041	1824	0.42677561282212445	0.0	0.9676535087719298		0
OK557797|wild_canid|2021.500	1824	0.42677561282212445	0.0	0.9676535087719298		0
FJ705236|domestic_dog|2008.500	1824	0.42677561282212445	0.0	0.9676535087719298		0
PX656914|domestic_dog|2012.238	1824	0.42677561282212445	0.0	0.9676535087719298		0
HM448834|wild_canid|2009.764	1824	0.42677561282212445	0.0	0.9676535087719298		0
HM852904|primate|2008.500	1824	0.42677561282212445	0.0	0.9676535087719298		0
OK557796|wild_canid|2021.500	1824	0.42677561282212445	0.0	0.9676535087719298		0
OK557787|wild_canid|2021.500	1824	0.42677561282212445	0.0	0.9676535087719298		0
MK431532|domestic_dog|2005.203	1824	0.42677561282212445	0.0	0.9676535087719298		0
MW036798|wild_canid|2018.500	1824	0.42677561282212445	0.0	0.9676535087719298		0
FJ423609|wild_canid|2008.500	1824	0.42677561282212445	0.0	0.9676535087719298		0
KF835414|domestic_dog|2012.060	1824	0.42677561282212445	0.0	0.9676535087719298		0
KF430360|wild_canid|2012.500	1824	0.42677561282212445	0.0	0.9676535087719298		0
OK667013|procyonid|2015.500	1333	0.581081081081081	0.0	0.967741935483871	mostly_gaps	0
OK667018|procyonid|2015.500	1335	0.5804525455688246	0.0	0.9677902621722847	mostly_gaps	0
MH644853|mustelid|2016.973	1492	0.531112507856694	0.0	0.967828418230563	mostly_gaps;internal_stop	32
MH644851|procyonid|2017.167	1492	0.531112507856694	0.0	0.967828418230563	mostly_gaps;internal_stop	30
JX912971|domestic_dog|2010.500	1803	0.4333752357008171	0.0	0.9678313921242374		0
AM422869|domestic_dog|2004.500	871	0.7262727844123193	0.0	0.9678530424799081	mostly_gaps	0
AM422858|domestic_dog|2003.500	871	0.7262727844123193	0.0	0.9678530424799081	mostly_gaps	0
AM422850|domestic_dog|2003.500	871	0.7262727844123193	0.0	0.9678530424799081	mostly_gaps	0
AM422853|domestic_dog|2003.500	871	0.7262727844123193	0.0	0.9678530424799081	mostly_gaps	0
AM422860|domestic_dog|2003.500	871	0.7262727844123193	0.0	0.9678530424799081	mostly_gaps	0
OK666944|procyonid|2013.500	1338	0.57950974230044	0.0	0.9678624813153961	mostly_gaps	0
OK666958|procyonid|2014.500	1338	0.57950974230044	0.0	0.9678624813153961	mostly_gaps	0
OK666921|wild_canid|2015.500	1338	0.57950974230044	0.0	0.9678624813153961	mostly_gaps	0
OK666973|procyonid|2014.500	1338	0.57950974230044	0.0	0.9678624813153961	mostly_gaps	0
OK667021|procyonid|2015.500	1338	0.57950974230044	0.0	0.9678624813153961	mostly_gaps	0
OK666962|procyonid|2014.500	1338	0.57950974230044	0.0	0.9678624813153961	mostly_gaps	0
OK667017|procyonid|2015.500	1338	0.57950974230044	0.0	0.9678624813153961	mostly_gaps	0
OK666984|procyonid|2014.500	1338	0.57950974230044	0.0	0.9678624813153961	mostly_gaps	0
OK666938|mustelid|2014.500	1338	0.57950974230044	0.0	0.9678624813153961	mostly_gaps	0
OK666999|procyonid|2014.500	1338	0.57950974230044	0.0	0.9678624813153961	mostly_gaps	0
OK666963|procyonid|2014.500	1338	0.57950974230044	0.0	0.9678624813153961	mostly_gaps	0
OK667011|procyonid|2015.500	1338	0.57950974230044	0.0	0.9678624813153961	mostly_gaps	0
OK666961|procyonid|2014.500	1338	0.57950974230044	0.0	0.9678624813153961	mostly_gaps	0
OL795430|wild_canid|2016.500	1824	0.42677561282212445	0.023574561403508772	0.9679955081414935		0
PZ766579|wild_canid|2025.500	1785	0.4390320553111251	0.0	0.9680672268907563		0
MN208239|other|2017.500	1820	0.42803268384663734	0.0	0.9681318681318681	internal_stop	39
KF835420|domestic_dog|2012.238	1824	0.42677561282212445	0.0	0.9682017543859649		0
ON533745|domestic_dog|2015.500	1824	0.42677561282212445	0.0	0.9682017543859649		0
ON533742|domestic_dog|2014.500	1824	0.42677561282212445	0.0	0.9682017543859649		0
OR529778|wild_canid|2015.500	1824	0.42677561282212445	0.0	0.9682017543859649		0
KF835425|domestic_dog|2012.377	1824	0.42677561282212445	0.0	0.9682017543859649		0
OR515831|domestic_dog|2015.500	1824	0.42677561282212445	0.0	0.9682017543859649		0
KF835418|domestic_dog|2012.232	1824	0.42677561282212445	0.0	0.9682017543859649		0
KF835421|domestic_dog|2012.279	1824	0.42677561282212445	0.0	0.9682017543859649		0
KF430351|mustelid|2012.500	1824	0.42677561282212445	0.0	0.9682017543859649		0
KF430368|mustelid|2013.500	1824	0.42677561282212445	0.0	0.9682017543859649		0
MN267062|procyonid|2015.500	1824	0.42677561282212445	0.0	0.9682017543859649		0
OL912949|wild_canid|2021.718	1824	0.42677561282212445	0.0	0.9682017543859649		0
MN267061|wild_canid|2016.500	1824	0.42677561282212445	0.0	0.9682017543859649		0
EU325728|wild_canid|2007.500	1824	0.42677561282212445	0.0	0.9682017543859649		0
KF430369|wild_canid|2013.500	1824	0.42677561282212445	0.0	0.9682017543859649		0
OP546527|wild_canid|2021.500	1824	0.42677561282212445	0.0	0.9682017543859649		0
GQ332534|domestic_dog|2008.372	1824	0.42677561282212445	0.0	0.9682017543859649		0
OR652075|domestic_dog|2023.000	1824	0.42677561282212445	0.0	0.9682017543859649		0
MH496778|domestic_dog|2014.500	1824	0.42677561282212445	0.0	0.9682017543859649		0
ON533748|domestic_dog|2015.500	1824	0.42677561282212445	0.0	0.9682017543859649		0
PX789675|wild_canid|2019.304	1824	0.42677561282212445	0.0	0.9682017543859649		0
KJ489381|domestic_dog|2012.500	1824	0.42677561282212445	0.0	0.9682017543859649		0
PX789698|procyonid|2022.805	1102	0.6536769327467001	0.0	0.9682395644283122	mostly_gaps;internal_stop	24
PX789690|mustelid|2023.252	1102	0.6536769327467001	0.0	0.9682395644283122	mostly_gaps;internal_stop	25
KJ600774|procyonid|2013.181	1767	0.44468887492143305	0.0	0.9683078664402943		0
MN044691|wild_canid|2016.872	1677	0.47297297297297297	0.0	0.9683959451401312		0
JF283476|domestic_dog|2010.500	1587	0.5012570710245129	0.0	0.9684940138626339	mostly_gaps	0
KC257464|domestic_dog|2010.500	1812	0.4305468258956631	0.0	0.9685430463576159		0
KT266746|domestic_dog|2014.137	509	0.8400377121307354	0.0	0.9685658153241651	mostly_gaps	0
KT266755|domestic_dog|2015.033	509	0.8400377121307354	0.0	0.9685658153241651	mostly_gaps	0
OK667007|procyonid|2015.500	1338	0.57950974230044	0.0	0.968609865470852	mostly_gaps	0
OK666952|procyonid|2013.500	1338	0.57950974230044	0.0	0.968609865470852	mostly_gaps	0
OK666989|procyonid|2014.500	1338	0.57950974230044	0.0	0.968609865470852	mostly_gaps	0
OK666971|procyonid|2014.500	1338	0.57950974230044	0.0	0.968609865470852	mostly_gaps	0
OK666975|procyonid|2014.500	1338	0.57950974230044	0.0	0.968609865470852	mostly_gaps	0
OK666969|procyonid|2014.500	1338	0.57950974230044	0.0	0.968609865470852	mostly_gaps	0
OK666998|procyonid|2014.500	1338	0.57950974230044	0.0	0.968609865470852	mostly_gaps	0
OK666995|procyonid|2014.500	1338	0.57950974230044	0.0	0.968609865470852	mostly_gaps	0
OK666955|procyonid|2013.500	1338	0.57950974230044	0.0	0.968609865470852	mostly_gaps	0
OK666977|procyonid|2014.500	1338	0.57950974230044	0.0	0.968609865470852	mostly_gaps	0
OK666980|procyonid|2014.500	1338	0.57950974230044	0.0	0.968609865470852	mostly_gaps	0
OK666956|procyonid|2014.500	1338	0.57950974230044	0.0	0.968609865470852	mostly_gaps	0
OK666959|procyonid|2014.500	1338	0.57950974230044	0.0	0.968609865470852	mostly_gaps	0
MN044695|wild_canid|2017.422	1692	0.46825895663104966	0.0	0.9686761229314421		0
MW984527|wild_felid|2015.951	1821	0.4277184160905091	0.0	0.9686985172981878		0
KF430339|mustelid|2012.500	1824	0.42677561282212445	0.0	0.96875		0
KF430340|mustelid|2012.500	1824	0.42677561282212445	0.0	0.96875		0
KF430352|mustelid|2012.500	1824	0.42677561282212445	0.0	0.96875		0
PV167797|wild_canid|2024.566	1824	0.42677561282212445	0.0	0.96875		0
KF430347|mustelid|2012.500	1824	0.42677561282212445	0.0	0.96875		0
MN267060|procyonid|2015.500	1824	0.42677561282212445	0.0	0.96875		0
OR633326|domestic_dog|2019.041	1824	0.42677561282212445	0.0	0.96875		0
MH484613|domestic_dog|2017.500	1824	0.42677561282212445	0.0	0.96875		0
PZ769327|wild_canid|2025.500	1824	0.42677561282212445	0.0	0.96875		0
MK423863|domestic_dog|2018.537	1824	0.42677561282212445	0.0	0.96875		0
OL795424|wild_canid|2017.500	1824	0.42677561282212445	0.0	0.96875		0
PX656915|domestic_dog|2012.279	1824	0.42677561282212445	0.0	0.96875		0
PX656913|domestic_dog|2012.224	1824	0.42677561282212445	0.0	0.96875		0
KC916717|other|1994.500	1824	0.42677561282212445	0.0	0.96875		0
AB605891|wild_canid|2007.288	1824	0.42677561282212445	0.0	0.96875		0
KF430349|mustelid|2012.500	1824	0.42677561282212445	0.0	0.96875		0
KU578255|other|1994.500	1824	0.42677561282212445	0.0	0.96875		0
MT119978|domestic_dog|2019.288	1792	0.4368321810182275	0.0	0.96875	internal_stop	37
MN044684|wild_canid|2013.863	1701	0.4654305468258957	0.0	0.9688418577307466		0
KJ600775|procyonid|2013.195	1767	0.44468887492143305	0.0	0.9688737973967176		0
KJ600773|procyonid|2013.175	1767	0.44468887492143305	0.0	0.9688737973967176		0
KJ600776|procyonid|2012.962	1767	0.44468887492143305	0.0	0.9688737973967176		0
MN044679|wild_canid|2013.375	1704	0.464487743557511	0.0	0.9688967136150235		0
AM422859|domestic_dog|2003.500	871	0.7262727844123193	0.0	0.9690011481056258	mostly_gaps	0
EU624414|wild_canid|2007.500	871	0.7262727844123193	0.0	0.9690011481056258	mostly_gaps	0
AM422867|domestic_dog|2003.500	871	0.7262727844123193	0.0	0.9690011481056258	mostly_gaps	0
GQ328904|domestic_dog|2007.123	904	0.715901948460088	0.0	0.9690265486725663	mostly_gaps;internal_stop	15
MZ605430|wild_canid|2020.500	420	0.8680075424261471	0.0	0.969047619047619	mostly_gaps;internal_stop	6
MZ605431|mustelid|2020.500	420	0.8680075424261471	0.0	0.969047619047619	mostly_gaps;internal_stop	6
KF184985|domestic_dog|2002.500	582	0.8170961659333752	0.0	0.9690721649484536	mostly_gaps	0
PP125197|mustelid|2023.493	485	0.8475801382778126	0.0	0.9690721649484536	mostly_gaps;internal_stop	7
PP125188|mustelid|2023.493	485	0.8475801382778126	0.0	0.9690721649484536	mostly_gaps;internal_stop	7
PX789702|mustelid|2022.997	1100	0.6543054682589566	0.0	0.9690909090909091	mostly_gaps;internal_stop	25
KC257463|domestic_dog|2010.500	1812	0.4305468258956631	0.0	0.9690949227373068		0
MW669849|domestic_dog|2020.205	906	0.7152734129478315	0.0	0.9690949227373068	mostly_gaps	0
PX789703|procyonid|2023.392	1102	0.6536769327467001	0.0	0.969147005444646	mostly_gaps;internal_stop	24
MW828731|wild_canid|2016.500	1071	0.6634192331866751	0.0	0.969187675070028	mostly_gaps	0
MW828733|wild_canid|2016.500	1071	0.6634192331866751	0.0	0.969187675070028	mostly_gaps	0
MW828734|wild_canid|2016.500	1071	0.6634192331866751	0.0	0.969187675070028	mostly_gaps	0
MW828732|wild_canid|2016.500	1071	0.6634192331866751	0.0	0.969187675070028	mostly_gaps	0
MW984531|wild_felid|2015.989	1821	0.4277184160905091	0.0	0.9692476661175179		0
MN044696|wild_canid|2017.682	1692	0.46825895663104966	0.0	0.9692671394799054		0
MN267063|pinniped|1988.500	1824	0.42677561282212445	0.0	0.9692982456140351		0
KJ489383|domestic_dog|2012.500	1824	0.42677561282212445	0.0	0.9692982456140351		0
KF430355|mustelid|2012.500	1824	0.42677561282212445	0.0	0.9692982456140351		0
KF430358|wild_canid|2012.500	1824	0.42677561282212445	0.0	0.9692982456140351		0
JN812975|wild_felid|1994.500	1824	0.42677561282212445	0.0	0.9692982456140351		0
KF430354|mustelid|2012.500	1824	0.42677561282212445	0.0	0.9692982456140351		0
KF835424|domestic_dog|2012.352	1824	0.42677561282212445	0.0	0.9692982456140351		0
KF835412|domestic_dog|2012.052	1824	0.42677561282212445	0.0	0.9692982456140351		0
GQ214374|mustelid|2006.500	1824	0.42677561282212445	0.0	0.9692982456140351		0
MK423861|domestic_dog|2018.537	1824	0.42677561282212445	0.0	0.9692982456140351		0
KT429766|domestic_dog|2012.604	1824	0.42677561282212445	0.0	0.9692982456140351		0
OR633325|domestic_dog|2019.041	1824	0.42677561282212445	0.0	0.9692982456140351		0
PZ407655|primate|2022.389	1824	0.42677561282212445	0.0	0.9692982456140351		0
MH496777|domestic_dog|2014.500	1824	0.42677561282212445	0.0	0.9692982456140351		0
KF430338|mustelid|2012.500	1824	0.42677561282212445	0.0	0.9692982456140351		0
ON533747|domestic_dog|2015.500	1824	0.42677561282212445	0.0	0.9692982456140351		0
MH496773|domestic_dog|2014.500	1824	0.42677561282212445	0.0	0.9692982456140351		0
MH430949|pinniped|1988.500	1824	0.42677561282212445	0.0	0.9692982456140351		0
KF430366|mustelid|2013.500	1824	0.42677561282212445	0.0	0.9692982456140351		0
OK666976|procyonid|2014.500	1338	0.57950974230044	0.0	0.9693572496263079	mostly_gaps	0
OK666949|procyonid|2013.500	1338	0.57950974230044	0.0	0.9693572496263079	mostly_gaps	0
OK666940|procyonid|2010.500	1338	0.57950974230044	0.0	0.9693572496263079	mostly_gaps	0
OK666953|procyonid|2013.500	1338	0.57950974230044	0.0	0.9693572496263079	mostly_gaps	0
OK666946|procyonid|2013.500	1338	0.57950974230044	0.0	0.9693572496263079	mostly_gaps	0
OK666950|procyonid|2013.500	1338	0.57950974230044	0.0	0.9693572496263079	mostly_gaps	0
OK666964|procyonid|2014.500	1338	0.57950974230044	0.0	0.9693572496263079	mostly_gaps	0
OK666967|procyonid|2014.500	1338	0.57950974230044	0.0	0.9693572496263079	mostly_gaps	0
OK666943|procyonid|2013.500	1338	0.57950974230044	0.0	0.9693572496263079	mostly_gaps	0
OK667010|procyonid|2015.500	1338	0.57950974230044	0.0	0.9693572496263079	mostly_gaps	0
OK666942|procyonid|2012.500	1338	0.57950974230044	0.0	0.9693572496263079	mostly_gaps	0
OK666965|procyonid|2014.500	1338	0.57950974230044	0.0	0.9693572496263079	mostly_gaps	0
OK666941|procyonid|2012.500	1338	0.57950974230044	0.0	0.9693572496263079	mostly_gaps	0
OK666966|procyonid|2014.500	1338	0.57950974230044	0.0	0.9693572496263079	mostly_gaps	0
OK666970|procyonid|2014.500	1338	0.57950974230044	0.0	0.9693572496263079	mostly_gaps	0
MN044683|wild_canid|2013.658	1698	0.4663733500942803	0.0	0.9693757361601885		0
MN044674|mustelid|2012.866	1704	0.464487743557511	0.0	0.9694835680751174		0
MN044673|wild_canid|2012.866	1704	0.464487743557511	0.0	0.9694835680751174		0
MW984533|procyonid|2016.322	1674	0.4739157762413576	0.0	0.9695340501792115		0
JX886784|domestic_dog|2009.500	1544	0.5147705845380264	0.0	0.969559585492228	mostly_gaps	0
MN044690|wild_canid|2016.432	1677	0.47297297297297297	0.0	0.9695885509838998		0
MN044680|mustelid|2013.479	1679	0.4723444374607165	0.0	0.9696247766527695		0
OP561476|domestic_dog|2020.331	1778	0.44123192960402263	0.0	0.96962879640045		0
MN044697|domestic_dog|2018.260	1650	0.48145820238843495	0.0	0.9696969696969697		0
PX789700|procyonid|2022.926	760	0.7611565053425519	0.0	0.9697368421052631	mostly_gaps;internal_stop	20
MN044677|wild_canid|2013.145	1686	0.470144563167819	0.0	0.9697508896797153		0
MW984526|wild_felid|2015.816	1821	0.4277184160905091	0.0	0.9697968149368479		0
MW984529|wild_felid|2015.874	1821	0.4277184160905091	0.0	0.9697968149368479		0
MW984532|wild_felid|2015.964	1821	0.4277184160905091	0.0	0.9697968149368479		0
MW984530|wild_felid|2015.912	1821	0.4277184160905091	0.0	0.9697968149368479		0
MW984528|wild_felid|2015.858	1821	0.4277184160905091	0.0	0.9697968149368479		0
MW984525|wild_felid|2015.816	1821	0.4277184160905091	0.0	0.9697968149368479		0
PX656923|domestic_dog|2022.567	1824	0.42677561282212445	0.0	0.9698464912280702		0
KF430375|mustelid|2013.500	1824	0.42677561282212445	0.0	0.9698464912280702		0
KF430350|mustelid|2012.500	1824	0.42677561282212445	0.0	0.9698464912280702		0
KF430348|mustelid|2012.500	1824	0.42677561282212445	0.0	0.9698464912280702		0
KF430344|mustelid|2012.500	1824	0.42677561282212445	0.0	0.9698464912280702		0
MH496772|domestic_dog|2014.500	1824	0.42677561282212445	0.0	0.9698464912280702		0
KF430376|wild_canid|2013.500	1824	0.42677561282212445	0.0	0.9698464912280702		0
MT932507|wild_canid|2013.238	1824	0.42677561282212445	0.0	0.9698464912280702		0
MT932509|procyonid|2013.230	1824	0.42677561282212445	0.0	0.9698464912280702		0
MW495849|ailurid|2019.874	1824	0.42677561282212445	0.0	0.9698464912280702		0
KF430356|mustelid|2012.500	1824	0.42677561282212445	0.0	0.9698464912280702		0
MT932508|procyonid|2013.195	1824	0.42677561282212445	0.0	0.9698464912280702		0
KF835419|domestic_dog|2012.238	1824	0.42677561282212445	0.0	0.9698464912280702		0
MN824467|procyonid|2018.500	1824	0.42677561282212445	0.0	0.9698464912280702		0
JF810109|wild_felid|2010.500	1824	0.42677561282212445	0.0	0.9698464912280702		0
OL795428|wild_canid|2016.500	1824	0.42677561282212445	0.0	0.9698464912280702		0
MW015089|mustelid|2018.500	1824	0.42677561282212445	0.0	0.9698464912280702		0
KF430337|mustelid|2012.500	1824	0.42677561282212445	0.0	0.9698464912280702		0
KF835422|domestic_dog|2012.279	1824	0.42677561282212445	0.0	0.9698464912280702		0
PX789677|mustelid|2019.427	1824	0.42677561282212445	0.0	0.9698464912280702		0
PZ407656|primate|2022.400	1824	0.42677561282212445	0.0	0.9698464912280702		0
MW713449|domestic_dog|2019.500	1824	0.42677561282212445	0.0	0.9698464912280702		0
MT119979|domestic_dog|2019.622	1792	0.4368321810182275	0.0	0.9698660714285714	internal_stop	38
MN335908|wild_canid|1994.537	899	0.7174732872407291	0.0	0.9699666295884316	mostly_gaps;internal_stop	22
MW197729|domestic_dog|2020.085	567	0.8218101822752986	0.0	0.9700176366843033	mostly_gaps;internal_stop	8
MN044694|wild_canid|2017.003	1701	0.4654305468258957	0.0	0.9700176366843033		0
MW197726|domestic_dog|2020.085	567	0.8218101822752986	0.0	0.9700176366843033	mostly_gaps;internal_stop	8
MW197731|domestic_dog|2020.085	567	0.8218101822752986	0.0	0.9700176366843033	mostly_gaps;internal_stop	8
KU598868|domestic_dog|2014.500	935	0.7061596480201131	0.0	0.9700534759358289	mostly_gaps	0
MN044698|wild_canid|2018.016	1704	0.464487743557511	0.0	0.9700704225352113		0
OK667035|procyonid|2016.500	1338	0.57950974230044	0.0	0.9701046337817638	mostly_gaps	0
OK667027|procyonid|2016.500	1338	0.57950974230044	0.0	0.9701046337817638	mostly_gaps	0
OK666948|procyonid|2013.500	1338	0.57950974230044	0.0	0.9701046337817638	mostly_gaps	0
OK666954|procyonid|2013.500	1338	0.57950974230044	0.0	0.9701046337817638	mostly_gaps	0
AM422863|domestic_dog|2003.500	871	0.7262727844123193	0.0	0.9701492537313433	mostly_gaps	0
AM422846|domestic_dog|2003.500	871	0.7262727844123193	0.0	0.9701492537313433	mostly_gaps	0
AM422855|domestic_dog|2003.500	871	0.7262727844123193	0.0	0.9701492537313433	mostly_gaps	0
AM422865|domestic_dog|2003.500	871	0.7262727844123193	0.0	0.9701492537313433	mostly_gaps	0
AM422854|domestic_dog|2003.500	871	0.7262727844123193	0.0	0.9701492537313433	mostly_gaps	0
MN044689|mustelid|2016.262	1677	0.47297297297297297	0.0	0.9701848539057841		0
MN044678|mustelid|2013.285	1677	0.47297297297297297	0.0	0.9701848539057841		0
KU598862|domestic_dog|2013.500	907	0.7149591451917033	0.0	0.9702315325248071	mostly_gaps	0
MW460905|domestic_dog|2019.500	1824	0.42677561282212445	0.0	0.9703947368421053		0
KF430345|mustelid|2012.500	1824	0.42677561282212445	0.0	0.9703947368421053		0
KF430377|mustelid|2013.500	1824	0.42677561282212445	0.0	0.9703947368421053		0
KF430365|mustelid|2012.500	1824	0.42677561282212445	0.0	0.9703947368421053		0
KF430353|mustelid|2012.500	1824	0.42677561282212445	0.0	0.9703947368421053		0
KF430361|wild_canid|2012.500	1824	0.42677561282212445	0.0	0.9703947368421053		0
KF430357|wild_canid|2012.500	1824	0.42677561282212445	0.0	0.9703947368421053		0
KF430342|mustelid|2012.500	1824	0.42677561282212445	0.0	0.9703947368421053		0
KF430370|mustelid|2013.500	1824	0.42677561282212445	0.0	0.9703947368421053		0
OL795422|wild_canid|2017.500	1824	0.42677561282212445	0.0	0.9703947368421053		0
MW015090|mustelid|2018.500	1824	0.42677561282212445	0.0	0.9703947368421053		0
OL795425|wild_canid|2017.500	1824	0.42677561282212445	0.0	0.9703947368421053		0
OL795429|wild_canid|2016.500	1824	0.42677561282212445	0.0	0.9703947368421053		0
OL795427|wild_canid|2016.500	1824	0.42677561282212445	0.0	0.9703947368421053		0
OL795421|wild_canid|2017.500	1824	0.42677561282212445	0.0	0.9703947368421053		0
KF835423|domestic_dog|2012.347	1824	0.42677561282212445	0.0	0.9703947368421053		0
KF835416|domestic_dog|2012.221	1824	0.42677561282212445	0.0	0.9703947368421053		0
KF835411|domestic_dog|2011.800	1824	0.42677561282212445	0.0	0.9703947368421053		0
KF835415|domestic_dog|2012.074	1824	0.42677561282212445	0.0	0.9703947368421053		0
KF430364|mustelid|2012.500	1824	0.42677561282212445	0.0	0.9703947368421053		0
MK487379|procyonid|2016.500	1824	0.42677561282212445	0.0	0.9703947368421053		0
KU578256|wild_felid|1994.500	1824	0.42677561282212445	0.0	0.9703947368421053		0
KF430363|mustelid|2011.500	1824	0.42677561282212445	0.0	0.9703947368421053		0
MH496775|domestic_dog|2014.500	1824	0.42677561282212445	0.0	0.9703947368421053		0
MT932494|domestic_dog|2013.058	1824	0.42677561282212445	0.0	0.9703947368421053		0
MT932510|procyonid|2013.268	1824	0.42677561282212445	0.0	0.9703947368421053		0
MT136720|wild_felid|1994.871	1824	0.42677561282212445	0.0	0.9703947368421053		0
KF835417|domestic_dog|2012.227	1824	0.42677561282212445	0.0	0.9703947368421053		0
KF430362|wild_canid|2012.500	1824	0.42677561282212445	0.0	0.9703947368421053		0
MW036809|mustelid|2019.500	473	0.8513513513513513	0.0	0.9704016913319239	mostly_gaps	0
KT266753|domestic_dog|2014.310	509	0.8400377121307354	0.0	0.9705304518664047	mostly_gaps	0
KT266754|domestic_dog|2014.562	509	0.8400377121307354	0.0	0.9705304518664047	mostly_gaps	0
KT266744|domestic_dog|2013.479	509	0.8400377121307354	0.0	0.9705304518664047	mostly_gaps	0
KT266757|domestic_dog|2015.110	509	0.8400377121307354	0.0	0.9705304518664047	mostly_gaps	0
KT266747|domestic_dog|2014.173	509	0.8400377121307354	0.0	0.9705304518664047	mostly_gaps	0
KT266737|domestic_dog|2013.252	509	0.8400377121307354	0.0	0.9705304518664047	mostly_gaps	0
KT266741|domestic_dog|2013.367	509	0.8400377121307354	0.0	0.9705304518664047	mostly_gaps	0
MW669848|domestic_dog|2020.205	918	0.7115021998742929	0.0	0.9705882352941176	mostly_gaps	0
KP202314|domestic_dog|2007.500	1122	0.6473915776241358	0.0	0.9705882352941176	mostly_gaps	0
MN044700|wild_canid|2018.151	1701	0.4654305468258957	0.0	0.9706055261610818		0
MN044693|mustelid|2017.866	1701	0.4654305468258957	0.0	0.9706055261610818		0
MN044688|wild_canid|2015.156	1701	0.4654305468258957	0.0	0.9706055261610818		0
MN044686|wild_canid|2014.362	1701	0.4654305468258957	0.0	0.9706055261610818		0
MN044685|wild_canid|2014.033	1704	0.464487743557511	0.0	0.9706572769953051		0
MN044692|mustelid|2017.874	1680	0.47203016970458833	0.0	0.9708333333333333		0
MT932492|wild_canid|2006.548	1824	0.42677561282212445	0.47368421052631576	0.9708333333333333	ambiguous>5%	0
MN044701|wild_canid|2018.016	1680	0.47203016970458833	0.0	0.9708333333333333		0
OK666947|procyonid|2013.500	1338	0.57950974230044	0.0	0.9708520179372198	mostly_gaps	0
OK666871|mustelid|2010.500	1338	0.57950974230044	0.0	0.9708520179372198	mostly_gaps	0
OK666960|procyonid|2014.500	1338	0.57950974230044	0.0	0.9708520179372198	mostly_gaps	0
OK666951|procyonid|2013.500	1338	0.57950974230044	0.0	0.9708520179372198	mostly_gaps	0
OK666957|procyonid|2014.500	1338	0.57950974230044	0.0	0.9708520179372198	mostly_gaps	0
OK667031|procyonid|2016.500	1338	0.57950974230044	0.0	0.9708520179372198	mostly_gaps	0
KU598869|domestic_dog|2014.500	894	0.7190446260213702	0.0	0.970917225950783	mostly_gaps	0
MN044682|wild_canid|2013.518	1685	0.4704588309239472	0.0	0.970919881305638		0
MT136725|wild_felid|1994.384	1514	0.524198617221873	0.0	0.9709379128137384	mostly_gaps;internal_stop	34
OM811639|mustelid|2010.299	1824	0.42677561282212445	0.0	0.9709429824561403		0
KF430367|mustelid|2012.500	1824	0.42677561282212445	0.0	0.9709429824561403		0
JF810107|wild_canid|2010.500	1824	0.42677561282212445	0.0	0.9709429824561403		0
JF810111|domestic_dog|2010.500	1824	0.42677561282212445	0.0	0.9709429824561403		0
MT932506|procyonid|2013.164	1824	0.42677561282212445	0.0	0.9709429824561403		0
KF430343|mustelid|2012.500	1824	0.42677561282212445	0.0	0.9709429824561403		0
MW036820|wild_canid|2019.500	1824	0.42677561282212445	0.0	0.9709429824561403		0
MW495850|ailurid|2019.874	1824	0.42677561282212445	0.0	0.9709429824561403		0
KF430341|mustelid|2012.500	1824	0.42677561282212445	0.0	0.9709429824561403		0
MK473365|wild_canid|2017.500	1824	0.42677561282212445	0.0	0.9709429824561403		0
KF430346|wild_canid|2012.500	1824	0.42677561282212445	0.0	0.9709429824561403		0
MK473364|wild_canid|2017.500	1824	0.42677561282212445	0.0	0.9709429824561403		0
KF430359|wild_canid|2012.500	1824	0.42677561282212445	0.0	0.9709429824561403		0
JF810116|mustelid|2010.500	415	0.8695788812067882	0.0	0.9710843373493976	mostly_gaps;internal_stop	5
KU598867|domestic_dog|2014.500	935	0.7061596480201131	0.0	0.9711229946524064	mostly_gaps	0
PP125195|wild_canid|2023.493	485	0.8475801382778126	0.0	0.9711340206185567	mostly_gaps;internal_stop	7
PP125196|wild_canid|2023.452	485	0.8475801382778126	0.0	0.9711340206185567	mostly_gaps;internal_stop	6
PP125194|wild_canid|2023.386	485	0.8475801382778126	0.0	0.9711340206185567	mostly_gaps;internal_stop	7
JX912973|domestic_dog|2012.500	694	0.7818981772470145	0.0	0.9711815561959655	mostly_gaps;internal_stop	14
JX912977|domestic_dog|2011.500	694	0.7818981772470145	0.0	0.9711815561959655	mostly_gaps;internal_stop	14
PQ869776|wild_felid|2023.500	730	0.7705845380263985	0.0	0.9712328767123287	mostly_gaps	0
MN044670|wild_canid|2012.719	1704	0.464487743557511	0.0	0.971244131455399		0
MN044687|wild_canid|2014.082	1704	0.464487743557511	0.0	0.971244131455399		0
MN044675|mustelid|2012.902	1704	0.464487743557511	0.0	0.971244131455399		0
MN044681|wild_canid|2013.400	1704	0.464487743557511	0.0	0.971244131455399		0
KU052889|domestic_dog|2014.500	1742	0.4525455688246386	0.0	0.9712973593570609		0
AM422857|domestic_dog|2003.500	871	0.7262727844123193	0.0	0.9712973593570609	mostly_gaps	0
AM422852|domestic_dog|2003.500	871	0.7262727844123193	0.0	0.9712973593570609	mostly_gaps	0
MN044665|wild_canid|2012.590	1645	0.48302954116907604	0.0	0.9714285714285714		0
JF810108|wild_canid|2010.500	1824	0.42677561282212445	0.0	0.9714912280701754		0
JF810106|wild_canid|2010.500	1824	0.42677561282212445	0.0	0.9714912280701754		0
MT136708|other|1994.501	1824	0.42677561282212445	0.0	0.9714912280701754		0
MT136705|other|1993.967	1824	0.42677561282212445	0.0	0.9714912280701754		0
MT136709|other|1994.518	1824	0.42677561282212445	0.0	0.9714912280701754		0
MW036782|mustelid|2019.500	1824	0.42677561282212445	0.0	0.9714912280701754		0
ON533746|domestic_dog|2015.500	1824	0.42677561282212445	0.0	0.9714912280701754		0
KF835413|domestic_dog|2012.052	1824	0.42677561282212445	0.0	0.9714912280701754		0
KY214447|wild_canid|2011.500	1824	0.42677561282212445	0.0	0.9714912280701754		0
MT136716|wild_felid|1994.058	1824	0.42677561282212445	0.0	0.9714912280701754		0
MT136723|wild_felid|1994.082	1824	0.42677561282212445	0.0	0.9714912280701754		0
MK473366|wild_canid|2017.500	1824	0.42677561282212445	0.0	0.9714912280701754		0
OK667006|procyonid|2015.500	1333	0.581081081081081	0.0	0.9714928732183046	mostly_gaps	0
MT773246|domestic_dog|2012.500	738	0.7680703959773727	0.0	0.9715447154471545	mostly_gaps	0
MW669850|domestic_dog|2020.205	915	0.7124450031426776	0.0	0.9715846994535519	mostly_gaps	0
OK666992|procyonid|2014.500	1338	0.57950974230044	0.0	0.9715994020926756	mostly_gaps	0
OK666870|wild_canid|2016.500	1338	0.57950974230044	0.0	0.9715994020926756	mostly_gaps	0
OK666945|procyonid|2013.500	1338	0.57950974230044	0.0	0.9715994020926756	mostly_gaps	0
OK667036|procyonid|2016.500	1338	0.57950974230044	0.0	0.9715994020926756	mostly_gaps	0
MN335909|domestic_dog|1994.500	740	0.7674418604651163	0.0	0.9716216216216216	mostly_gaps;internal_stop	19
MN044667|wild_canid|2012.620	1587	0.5012570710245129	0.0	0.9716446124763705	mostly_gaps	0
JX912960|domestic_dog|2012.500	1803	0.4333752357008171	0.0	0.9717138103161398		0
JX912959|domestic_dog|2012.500	1803	0.4333752357008171	0.0	0.9717138103161398		0
MW197722|domestic_dog|2020.085	567	0.8218101822752986	0.0	0.9717813051146384	mostly_gaps;internal_stop	8
MW197719|domestic_dog|2020.085	567	0.8218101822752986	0.0	0.9717813051146384	mostly_gaps;internal_stop	8
MW197715|domestic_dog|2020.085	567	0.8218101822752986	0.0	0.9717813051146384	mostly_gaps;internal_stop	8
MW197730|domestic_dog|2020.085	567	0.8218101822752986	0.0	0.9717813051146384	mostly_gaps;internal_stop	8
MW197724|domestic_dog|2020.085	567	0.8218101822752986	0.0	0.9717813051146384	mostly_gaps;internal_stop	8
MW197725|domestic_dog|2020.085	567	0.8218101822752986	0.0	0.9717813051146384	mostly_gaps;internal_stop	8
MW197723|domestic_dog|2020.085	567	0.8218101822752986	0.0	0.9717813051146384	mostly_gaps;internal_stop	8
MW197714|domestic_dog|2020.085	567	0.8218101822752986	0.0	0.9717813051146384	mostly_gaps;internal_stop	8
MW197721|domestic_dog|2020.085	567	0.8218101822752986	0.0	0.9717813051146384	mostly_gaps;internal_stop	8
PP125201|wild_canid|2023.551	461	0.85512256442489	0.0	0.9718004338394793	mostly_gaps	0
MN044671|mustelid|2012.792	1704	0.464487743557511	0.0	0.971830985915493		0
MN044676|mustelid|2012.817	1704	0.464487743557511	0.0	0.971830985915493		0
MT932503|wild_canid|2007.753	498	0.8434946574481458	0.0	0.9718875502008032	mostly_gaps	0
PP125198|wild_canid|2023.532	463	0.8544940289126336	0.0	0.9719222462203023	mostly_gaps	0
KU578257|domestic_dog|1994.500	1824	0.42677561282212445	0.0	0.9720394736842105		0
MT136717|wild_felid|1994.090	1824	0.42677561282212445	0.0	0.9720394736842105		0
MT136706|other|1993.975	1824	0.42677561282212445	0.0	0.9720394736842105		0
MN335912|other|1994.501	1824	0.42677561282212445	0.0	0.9720394736842105		0
JF810110|mustelid|2002.500	1824	0.42677561282212445	0.0	0.9720394736842105		0
JN812976|domestic_dog|1994.500	1824	0.42677561282212445	0.0	0.9720394736842105		0
MK423862|domestic_dog|2018.537	1824	0.42677561282212445	0.0	0.9720394736842105		0
PX734745|wild_canid|2009.500	1824	0.42677561282212445	0.0	0.9720394736842105		0
KC916716|wild_canid|1994.500	1824	0.42677561282212445	0.0	0.9720394736842105		0
PP683092|mustelid|2012.959	1824	0.42677561282212445	0.0	0.9720394736842105		0
MT136707|other|1994.466	1824	0.42677561282212445	0.0	0.9720394736842105		0
MT136722|wild_felid|1994.074	1824	0.42677561282212445	0.0	0.9720394736842105		0
MT136718|wild_felid|1994.132	1824	0.42677561282212445	0.0	0.9720394736842105		0
MN365662|domestic_dog|2005.500	1824	0.42677561282212445	0.0	0.9720394736842105		0
PQ241491|domestic_dog|2017.759	1824	0.42677561282212445	0.0	0.9720394736842105		0
MW036817|wild_canid|2018.500	1824	0.42677561282212445	0.0	0.9720394736842105		0
MW036808|mustelid|2018.500	1824	0.42677561282212445	0.0	0.9720394736842105		0
MK617349|domestic_dog|2017.500	1824	0.42677561282212445	0.0	0.9720394736842105		0
MT136710|other|1994.047	1824	0.42677561282212445	0.0	0.9720394736842105		0
MN044669|wild_canid|2012.710	1650	0.48145820238843495	0.0	0.9721212121212122		0
MT136719|wild_felid|1994.101	1514	0.524198617221873	0.0	0.9722589167767504	mostly_gaps;internal_stop	34
JX912976|domestic_dog|2012.500	1803	0.4333752357008171	0.0	0.9722684414864116		0
KT717958|mustelid|2011.500	1047	0.6709616593337524	0.0	0.9723018147086915	mostly_gaps	0
OK667001|procyonid|2014.500	1338	0.57950974230044	0.0	0.9723467862481315	mostly_gaps	0
KC479140|wild_felid|2012.500	688	0.7837837837837838	0.0	0.9723837209302325	mostly_gaps;internal_stop	14
MN044672|mustelid|2012.792	1704	0.464487743557511	0.0	0.9724178403755869		0
AM422848|domestic_dog|2003.500	871	0.7262727844123193	0.0	0.9724454649827784	mostly_gaps	0
KU052895|domestic_dog|2014.500	1742	0.4525455688246386	0.0	0.9724454649827784		0
AM422847|domestic_dog|2003.500	871	0.7262727844123193	0.0	0.9724454649827784	mostly_gaps	0
AM422849|domestic_dog|2003.500	871	0.7262727844123193	0.0	0.9724454649827784	mostly_gaps	0
PP125200|wild_canid|2023.532	472	0.8516656191074796	0.0	0.972457627118644	mostly_gaps	0
MN044662|wild_canid|2012.607	1599	0.4974858579509742	0.0	0.9724828017510945		0
MN044668|wild_canid|2012.678	1563	0.5087994971715902	0.0	0.9724888035828535	mostly_gaps	0
KT266756|domestic_dog|2015.096	509	0.8400377121307354	0.0	0.9724950884086444	mostly_gaps	0
KT266750|domestic_dog|2014.208	509	0.8400377121307354	0.0	0.9724950884086444	mostly_gaps	0
KT266745|domestic_dog|2013.444	509	0.8400377121307354	0.0	0.9724950884086444	mostly_gaps	0
KT266740|domestic_dog|2013.395	509	0.8400377121307354	0.0	0.9724950884086444	mostly_gaps	0
KT266738|domestic_dog|2013.326	509	0.8400377121307354	0.0	0.9724950884086444	mostly_gaps	0
KT266752|domestic_dog|2014.310	509	0.8400377121307354	0.0	0.9724950884086444	mostly_gaps	0
KT266748|domestic_dog|2014.173	509	0.8400377121307354	0.0	0.9724950884086444	mostly_gaps	0
KT266749|domestic_dog|2014.367	509	0.8400377121307354	0.0	0.9724950884086444	mostly_gaps	0
MW036786|wild_canid|2019.500	473	0.8513513513513513	0.0	0.9725158562367865	mostly_gaps	0
MW036784|wild_canid|2019.500	473	0.8513513513513513	0.0	0.9725158562367865	mostly_gaps	0
MW036796|wild_canid|2019.500	473	0.8513513513513513	0.0	0.9725158562367865	mostly_gaps	0
MW036776|wild_canid|2019.500	473	0.8513513513513513	0.0	0.9725158562367865	mostly_gaps	0
MW036805|mustelid|2019.500	473	0.8513513513513513	0.0	0.9725158562367865	mostly_gaps	0
MW036801|wild_canid|2020.500	473	0.8513513513513513	0.0	0.9725158562367865	mostly_gaps	0
MW036797|wild_canid|2019.500	473	0.8513513513513513	0.0	0.9725158562367865	mostly_gaps	0
MW036799|wild_canid|2019.500	473	0.8513513513513513	0.0	0.9725158562367865	mostly_gaps	0
MW036824|wild_canid|2020.500	473	0.8513513513513513	0.0	0.9725158562367865	mostly_gaps	0
MW036785|wild_canid|2019.500	473	0.8513513513513513	0.0	0.9725158562367865	mostly_gaps	0
MW036806|wild_canid|2019.500	473	0.8513513513513513	0.0	0.9725158562367865	mostly_gaps	0
MW036804|wild_canid|2019.500	473	0.8513513513513513	0.0	0.9725158562367865	mostly_gaps	0
MT932502|wild_canid|2000.208	1824	0.42677561282212445	0.0	0.9725877192982456		0
KT429769|domestic_dog|2012.604	1824	0.42677561282212445	0.0	0.9725877192982456		0
OR633324|domestic_dog|2019.041	1824	0.42677561282212445	0.0	0.9725877192982456		0
PX789676|procyonid|2019.312	1824	0.42677561282212445	0.0	0.9725877192982456		0
JN896331|domestic_dog|2010.500	1824	0.42677561282212445	0.0	0.9725877192982456		0
KM386683|wild_felid|2013.789	1824	0.42677561282212445	0.0	0.9725877192982456		0
MW669846|domestic_dog|2020.205	915	0.7124450031426776	0.0	0.9726775956284153	mostly_gaps	0
MN044666|mustelid|2012.628	1652	0.4808296668761785	0.0	0.9727602905569007		0
MN688786|domestic_dog|2019.500	1070	0.6637335009428033	0.0	0.9728971962616823	mostly_gaps	0
MT773227|domestic_dog|2012.500	738	0.7680703959773727	0.0	0.9728997289972899	mostly_gaps	0
MT773247|domestic_dog|2012.500	738	0.7680703959773727	0.0	0.9728997289972899	mostly_gaps	0
MT773244|domestic_dog|2012.500	738	0.7680703959773727	0.0	0.9728997289972899	mostly_gaps	0
MW828753|mustelid|2012.500	1071	0.6634192331866751	0.0	0.972922502334267	mostly_gaps	0
OK667016|procyonid|2015.500	1330	0.5820238843494657	0.0	0.9729323308270676	mostly_gaps	0
MZ169061|mustelid|2020.500	444	0.8604651162790697	0.0	0.972972972972973	mostly_gaps;internal_stop	6
KU052891|domestic_dog|2014.500	1742	0.4525455688246386	0.0	0.9730195177956372		0
KU052897|domestic_dog|2014.500	1742	0.4525455688246386	0.0	0.9730195177956372		0
MN044663|wild_canid|2012.344	1671	0.4748585795097423	0.0	0.9730700179533214		0
MN044664|wild_canid|2012.585	1634	0.4864864864864865	0.0	0.9730722154222766		0
OK667042|procyonid|2017.500	1337	0.5798240100565683	0.0	0.9730740463724757	mostly_gaps	0
OK667002|procyonid|2014.500	1338	0.57950974230044	0.0	0.9730941704035875	mostly_gaps	0
OK666993|procyonid|2014.500	1338	0.57950974230044	0.0	0.9730941704035875	mostly_gaps	0
OK666990|procyonid|2014.500	1338	0.57950974230044	0.0	0.9730941704035875	mostly_gaps	0
MT136712|domestic_dog|1994.641	1824	0.42677561282212445	0.0	0.9731359649122807		0
MT136715|wild_canid|1994.562	1824	0.42677561282212445	0.0	0.9731359649122807		0
MT932500|domestic_dog|2000.158	1824	0.42677561282212445	0.0	0.9731359649122807		0
MT136714|wild_canid|1994.537	1824	0.42677561282212445	0.0	0.9731359649122807		0
MT136711|domestic_dog|1994.688	1824	0.42677561282212445	0.0	0.9731359649122807		0
MT136713|domestic_dog|1994.879	1824	0.42677561282212445	0.0	0.9731359649122807		0
HM120874|wild_canid|2009.500	1824	0.42677561282212445	0.0	0.9731359649122807		0
OQ448915|mustelid|2010.995	1824	0.42677561282212445	0.0	0.9731359649122807		0
PX734748|wild_canid|2009.500	1824	0.42677561282212445	0.0	0.9731359649122807		0
PX734733|wild_canid|2010.500	1824	0.42677561282212445	0.0	0.9731359649122807		0
FJ416338|mustelid|2008.402	1824	0.42677561282212445	0.0	0.9731359649122807		0
FJ416339|wild_canid|2008.210	1824	0.42677561282212445	0.0	0.9731359649122807		0
PQ464015|primate|2022.660	1824	0.42677561282212445	0.0	0.9731359649122807		0
FJ416336|wild_canid|2008.175	1824	0.42677561282212445	0.0	0.9731359649122807		0
KT429767|domestic_dog|2012.604	1824	0.42677561282212445	0.0	0.9731359649122807		0
MF437053|domestic_dog|2015.500	1824	0.42677561282212445	0.0	0.9731359649122807		0
PP125193|wild_canid|2023.386	484	0.847894406033941	0.0	0.9731404958677686	mostly_gaps;internal_stop	7
PP125187|mustelid|2023.468	485	0.8475801382778126	0.0	0.9731958762886598	mostly_gaps;internal_stop	7
PP125192|wild_canid|2023.452	485	0.8475801382778126	0.0	0.9731958762886598	mostly_gaps;internal_stop	7
PP125189|mustelid|2023.452	485	0.8475801382778126	0.0	0.9731958762886598	mostly_gaps;internal_stop	7
PP125199|wild_canid|2023.532	485	0.8475801382778126	0.0	0.9731958762886598	mostly_gaps;internal_stop	7
JX912963|domestic_dog|2012.500	1803	0.4333752357008171	0.0	0.9733777038269551		0
JX912966|domestic_dog|2008.500	1803	0.4333752357008171	0.0	0.9733777038269551		0
JF810122|wild_canid|2010.500	414	0.8698931489629164	0.0	0.9734299516908212	mostly_gaps;internal_stop	5
JF810117|mustelid|2010.500	414	0.8698931489629164	0.0	0.9734299516908212	mostly_gaps;internal_stop	5
JF810124|wild_canid|2010.500	414	0.8698931489629164	0.0	0.9734299516908212	mostly_gaps;internal_stop	5
JF810123|wild_canid|2010.500	415	0.8695788812067882	0.0	0.9734939759036144	mostly_gaps;internal_stop	5
MW197716|domestic_dog|2020.085	567	0.8218101822752986	0.0	0.9735449735449735	mostly_gaps;internal_stop	8
ON458033|wild_canid|2021.942	1815	0.4296040226272784	0.0	0.9735537190082645		0
KU052896|domestic_dog|2014.500	1742	0.4525455688246386	0.0	0.9735935706084959		0
KU052890|domestic_dog|2014.500	1742	0.4525455688246386	0.0	0.9735935706084959		0
AM422868|domestic_dog|2003.500	871	0.7262727844123193	0.0	0.9735935706084959	mostly_gaps	0
FJ416337|wild_canid|2008.175	1824	0.42677561282212445	0.0	0.9736842105263158		0
PX656912|domestic_dog|2023.701	1824	0.42677561282212445	0.0	0.9736842105263158		0
OQ448914|mustelid|2010.995	1824	0.42677561282212445	0.0	0.9736842105263158		0
MT932501|wild_canid|2000.169	1824	0.42677561282212445	0.0	0.9736842105263158		0
MT932493|wild_canid|2000.178	1824	0.42677561282212445	0.0	0.9736842105263158		0
KF430372|mustelid|2007.500	1824	0.42677561282212445	0.0	0.9736842105263158		0
MT932499|domestic_dog|2000.158	1824	0.42677561282212445	0.0	0.9736842105263158		0
KT429768|domestic_dog|2012.604	1824	0.42677561282212445	0.0	0.9736842105263158		0
MZ758896|domestic_dog|2020.388	763	0.7602137020741672	0.0	0.9737876802096985	mostly_gaps	0
MZ605429|mustelid|2021.500	420	0.8680075424261471	0.0	0.9738095238095238	mostly_gaps;internal_stop	6
MN688788|domestic_dog|2019.500	1070	0.6637335009428033	0.0	0.9738317757009346	mostly_gaps	0
KC479141|domestic_dog|2012.500	688	0.7837837837837838	0.0	0.9738372093023255	mostly_gaps;internal_stop	16
KC479139|wild_felid|2012.500	688	0.7837837837837838	0.0	0.9738372093023255	mostly_gaps;internal_stop	14
OK666916|mustelid|2016.500	1338	0.57950974230044	0.0	0.9738415545590433	mostly_gaps	0
PV809618|mustelid|2012.500	421	0.8676932746700189	0.0	0.9738717339667459	mostly_gaps;internal_stop	14
JX912965|domestic_dog|2008.500	1803	0.4333752357008171	0.0	0.9739323349972269		0
JX912956|domestic_dog|2009.500	694	0.7818981772470145	0.0	0.9740634005763689	mostly_gaps;internal_stop	14
JX912957|domestic_dog|2009.500	694	0.7818981772470145	0.0	0.9740634005763689	mostly_gaps;internal_stop	14
OR238917|wild_canid|2023.500	733	0.7696417347580138	0.0	0.9740791268758526	mostly_gaps	0
KU052894|domestic_dog|2014.500	1742	0.4525455688246386	0.0	0.9741676234213548		0
ON533744|domestic_dog|2014.500	1824	0.42677561282212445	0.0	0.9742324561403509		0
PX656910|domestic_dog|2023.688	1824	0.42677561282212445	0.0	0.9742324561403509		0
JN215474|domestic_dog|2008.500	1824	0.42677561282212445	0.0	0.9742324561403509		0
GU001863|wild_felid|2005.500	1824	0.42677561282212445	0.0	0.9742324561403509		0
KF430371|mustelid|2007.500	1824	0.42677561282212445	0.0	0.9742324561403509		0
OM811640|mustelid|2006.893	1824	0.42677561282212445	0.0	0.9742324561403509		0
JN153025|wild_canid|2008.500	1824	0.42677561282212445	0.0	0.9742324561403509		0
MT773231|domestic_dog|2012.500	738	0.7680703959773727	0.0	0.9742547425474255	mostly_gaps	0
MT773237|domestic_dog|2012.500	738	0.7680703959773727	0.0	0.9742547425474255	mostly_gaps	0
MT773245|domestic_dog|2012.500	738	0.7680703959773727	0.0	0.9742547425474255	mostly_gaps	0
MT773242|domestic_dog|2012.500	738	0.7680703959773727	0.0	0.9742547425474255	mostly_gaps	0
MT773240|domestic_dog|2012.500	738	0.7680703959773727	0.0	0.9742547425474255	mostly_gaps	0
KT266742|domestic_dog|2013.397	509	0.8400377121307354	0.0	0.9744597249508841	mostly_gaps	0
MT136721|wild_felid|1994.575	1502	0.5279698302954117	0.0	0.9747003994673769	mostly_gaps	0
JN153024|wild_canid|2008.500	1824	0.42677561282212445	0.0	0.9747807017543859		0
OP209189|mustelid|2007.500	1824	0.42677561282212445	0.0	0.9747807017543859		0
PP847351|primate|2018.455	1824	0.42677561282212445	0.0	0.9747807017543859		0
JN153020|procyonid|2007.500	1824	0.42677561282212445	0.0	0.9747807017543859		0
KF430373|mustelid|2007.500	1824	0.42677561282212445	0.0	0.9747807017543859		0
PP847352|primate|2018.455	1824	0.42677561282212445	0.0	0.9747807017543859		0
PP847350|primate|2018.455	1824	0.42677561282212445	0.0	0.9747807017543859		0
KT429761|domestic_dog|2012.604	1824	0.42677561282212445	0.0	0.9747807017543859		0
PP847348|primate|2018.455	1824	0.42677561282212445	0.0	0.9747807017543859		0
JX912958|domestic_dog|2012.500	1803	0.4333752357008171	0.0	0.9750415973377704		0
KP202311|domestic_dog|2007.500	1122	0.6473915776241358	0.0	0.9750445632798574	mostly_gaps	0
KP202313|domestic_dog|2007.500	1122	0.6473915776241358	0.0	0.9750445632798574	mostly_gaps	0
KT588923|mustelid|2011.500	928	0.7083595223130107	0.0	0.9752155172413793	mostly_gaps	0
KU052888|domestic_dog|2014.500	1742	0.4525455688246386	0.0	0.9753157290470723		0
PX656911|domestic_dog|2023.699	1824	0.42677561282212445	0.0	0.975328947368421		0
KT429760|domestic_dog|2012.604	1824	0.42677561282212445	0.0	0.975328947368421		0
OK666919|wild_canid|2013.500	1338	0.57950974230044	0.0	0.9753363228699552	mostly_gaps	0
MT136724|wild_felid|1994.137	1503	0.5276555625392835	0.0	0.9753825681969395	mostly_gaps	0
PV551188|domestic_dog|2022.500	489	0.8463230672532999	0.0	0.9754601226993865	mostly_gaps	0
PV551189|domestic_dog|2023.500	489	0.8463230672532999	0.0	0.9754601226993865	mostly_gaps	0
JX912962|domestic_dog|2012.500	694	0.7818981772470145	0.0	0.9755043227665706	mostly_gaps;internal_stop	14
MT119976|domestic_dog|2018.622	1799	0.43463230672533	0.0	0.9755419677598666	internal_stop	40
JX912978|domestic_dog|2012.500	1803	0.4333752357008171	0.0	0.9755962285080422		0
MT773234|domestic_dog|2012.500	738	0.7680703959773727	0.0	0.975609756097561	mostly_gaps	0
MT773243|domestic_dog|2012.500	738	0.7680703959773727	0.0	0.975609756097561	mostly_gaps	0
MT773235|domestic_dog|2012.500	738	0.7680703959773727	0.0	0.975609756097561	mostly_gaps	0
MT773239|domestic_dog|2012.500	738	0.7680703959773727	0.0	0.975609756097561	mostly_gaps	0
MN335910|other|1993.975	902	0.7165304839723444	0.0	0.975609756097561	mostly_gaps;internal_stop	19
MT773238|domestic_dog|2012.500	738	0.7680703959773727	0.0	0.975609756097561	mostly_gaps	0
MT773241|domestic_dog|2012.500	738	0.7680703959773727	0.0	0.975609756097561	mostly_gaps	0
MT119981|domestic_dog|2019.123	1806	0.43243243243243246	0.0	0.9756367663344407	internal_stop	41
JF810125|wild_canid|2010.500	414	0.8698931489629164	0.0	0.9758454106280193	mostly_gaps;internal_stop	5
JN153019|procyonid|2007.500	1824	0.42677561282212445	0.0	0.9758771929824561		0
PP847349|wild_canid|2018.455	1824	0.42677561282212445	0.0	0.9758771929824561		0
JN153021|procyonid|2007.500	1824	0.42677561282212445	0.0	0.9758771929824561		0
KT429764|domestic_dog|2012.604	1824	0.42677561282212445	0.0	0.9758771929824561		0
JN215476|domestic_dog|2009.500	1824	0.42677561282212445	0.0	0.9758771929824561		0
KP202308|domestic_dog|2007.500	1122	0.6473915776241358	0.0	0.9759358288770054	mostly_gaps	0
MW669847|domestic_dog|2020.205	915	0.7124450031426776	0.0	0.9759562841530055	mostly_gaps	0
JX912961|domestic_dog|2012.500	1803	0.4333752357008171	0.0	0.9761508596783139		0
MT119977|domestic_dog|2018.622	1804	0.4330609679446889	0.0	0.9761640798226164	internal_stop	39
PV809619|mustelid|2014.500	421	0.8676932746700189	0.0	0.9762470308788599	mostly_gaps;internal_stop	14
KF430374|mustelid|2004.500	1824	0.42677561282212445	0.0	0.9764254385964912		0
JN153022|procyonid|2007.500	1824	0.42677561282212445	0.0	0.9764254385964912		0
JN153023|procyonid|2007.500	1824	0.42677561282212445	0.0	0.9764254385964912		0
KT429763|domestic_dog|2012.604	1824	0.42677561282212445	0.0	0.9764254385964912		0
PX224982|domestic_dog|2024.500	1188	0.6266499057196732	0.0	0.9764309764309764	mostly_gaps;internal_stop	1
JF283477|domestic_dog|2010.500	1615	0.4924575738529227	0.0	0.9764705882352941		0
MT119975|domestic_dog|2018.789	1800	0.43431803896920174	0.0	0.9766666666666667	internal_stop	40
PP125202|wild_canid|2023.551	472	0.8516656191074796	0.0	0.9766949152542372	mostly_gaps;internal_stop	7
KC479138|ailurid|2012.500	688	0.7837837837837838	0.0	0.9767441860465116	mostly_gaps;internal_stop	16
PP125191|mustelid|2023.493	473	0.8513513513513513	0.0	0.9767441860465116	mostly_gaps;internal_stop	7
PP125203|wild_canid|2023.551	473	0.8513513513513513	0.0	0.9767441860465116	mostly_gaps;internal_stop	7
FJ011004|domestic_dog|2003.874	1821	0.4277184160905091	0.0	0.9769357495881383		0
JX912972|domestic_dog|2011.500	694	0.7818981772470145	0.0	0.9769452449567724	mostly_gaps;internal_stop	14
MT773228|domestic_dog|2012.500	738	0.7680703959773727	0.0	0.9769647696476965	mostly_gaps	0
MT773233|domestic_dog|2012.500	738	0.7680703959773727	0.0	0.9769647696476965	mostly_gaps	0
MT773226|domestic_dog|2012.500	738	0.7680703959773727	0.0	0.9769647696476965	mostly_gaps	0
MW669845|domestic_dog|2020.205	912	0.7133878064110623	0.0	0.9769736842105263	mostly_gaps	0
FJ392652|domestic_dog|2003.500	1824	0.42677561282212445	0.0	0.9769736842105263		0
JN215473|domestic_dog|2007.500	1824	0.42677561282212445	0.0	0.9769736842105263		0
MH426739|wild_canid|2014.200	1824	0.42677561282212445	0.0	0.9769736842105263		0
KJ865300|wild_canid|2014.200	1824	0.42677561282212445	0.0	0.9769736842105263		0
JN215475|domestic_dog|2008.500	1824	0.42677561282212445	0.0	0.9769736842105263		0
JN215477|domestic_dog|2009.500	1824	0.42677561282212445	0.0	0.9769736842105263		0
KU598863|domestic_dog|2013.500	915	0.7124450031426776	0.0	0.9770491803278688	mostly_gaps	0
MW197718|domestic_dog|2020.085	567	0.8218101822752986	0.0	0.9770723104056437	mostly_gaps;internal_stop	8
MW197727|domestic_dog|2020.085	567	0.8218101822752986	0.0	0.9770723104056437	mostly_gaps;internal_stop	8
MW197717|domestic_dog|2020.085	567	0.8218101822752986	0.0	0.9770723104056437	mostly_gaps;internal_stop	8
MT036987|wild_canid|2017.500	743	0.7664990571967316	0.0	0.9771197846567967	mostly_gaps;internal_stop	15
MT036984|wild_canid|2019.500	743	0.7664990571967316	0.0	0.9771197846567967	mostly_gaps;internal_stop	15
MT119974|domestic_dog|2018.789	1792	0.4368321810182275	0.0	0.9771205357142857	internal_stop	39
MT119973|domestic_dog|2018.789	1799	0.43463230672533	0.0	0.9772095608671484	internal_stop	40
MT119972|domestic_dog|2018.041	1799	0.43463230672533	0.0	0.9772095608671484	internal_stop	40
MG827090|other|2016.290	1821	0.4277184160905091	0.0	0.9774848984074684	internal_stop	40
GQ214372|domestic_dog|2004.500	800	0.748585795097423	0.0	0.9775	mostly_gaps	0
GQ214383|domestic_dog|2002.500	800	0.748585795097423	0.0	0.9775	mostly_gaps	0
PX734747|domestic_dog|2006.500	1824	0.42677561282212445	0.0	0.9775219298245614		0
KT429765|domestic_dog|2012.604	1824	0.42677561282212445	0.0	0.9775219298245614		0
HM563058|wild_canid|2008.713	1824	0.42677561282212445	0.0	0.9775219298245614		0
JF810115|mustelid|2002.500	401	0.8739786297925832	0.0	0.9775561097256857	mostly_gaps;internal_stop	5
KF184988|domestic_dog|2006.500	582	0.8170961659333752	0.0	0.9776632302405498	mostly_gaps	0
JX912964|domestic_dog|2008.500	1803	0.4333752357008171	0.0	0.9778147531891292		0
JF810126|wild_canid|2010.500	407	0.872093023255814	0.0	0.9778869778869779	mostly_gaps;internal_stop	5
JF810128|wild_canid|2010.500	407	0.872093023255814	0.0	0.9778869778869779	mostly_gaps;internal_stop	5
MG827089|other|2016.290	1810	0.43117536140791957	0.0	0.9779005524861878	internal_stop	39
MG827088|other|2016.290	1810	0.43117536140791957	0.0	0.9779005524861878	internal_stop	39
JF810127|wild_canid|2010.500	408	0.8717787554996858	0.0	0.9779411764705882	mostly_gaps;internal_stop	5
JF810114|mustelid|2010.500	410	0.8711502199874293	0.0	0.9780487804878049	mostly_gaps;internal_stop	5
KT429762|domestic_dog|2012.604	1824	0.42677561282212445	0.0	0.9780701754385965		0
KM280689|domestic_dog|2012.500	1824	0.42677561282212445	0.0	0.9780701754385965		0
PX734736|domestic_dog|2005.500	1824	0.42677561282212445	0.0	0.9780701754385965		0
PX734739|domestic_dog|2005.500	1824	0.42677561282212445	0.0	0.9780701754385965		0
KJ123771|domestic_dog|2004.500	1824	0.42677561282212445	0.0	0.9780701754385965		0
KX897612|wild_felid|2015.701	1824	0.42677561282212445	0.0	0.9780701754385965		0
KU598865|domestic_dog|2014.500	921	0.7105593966059083	0.0	0.9782844733984799	mostly_gaps	0
MT773230|domestic_dog|2012.500	738	0.7680703959773727	0.0	0.978319783197832	mostly_gaps	0
MT773236|domestic_dog|2012.500	738	0.7680703959773727	0.0	0.978319783197832	mostly_gaps	0
MT773232|domestic_dog|2012.500	738	0.7680703959773727	0.0	0.978319783197832	mostly_gaps	0
MT773229|domestic_dog|2012.500	738	0.7680703959773727	0.0	0.978319783197832	mostly_gaps	0
OK666917|domestic_dog|2012.500	1338	0.57950974230044	0.0	0.9783258594917787	mostly_gaps	0
OK666900|mustelid|2013.500	1338	0.57950974230044	0.0	0.9783258594917787	mostly_gaps	0
OK666901|mustelid|2013.500	1338	0.57950974230044	0.0	0.9783258594917787	mostly_gaps	0
JX912970|domestic_dog|2009.500	694	0.7818981772470145	0.0	0.978386167146974	mostly_gaps;internal_stop	14
JX912969|domestic_dog|2008.500	694	0.7818981772470145	0.0	0.978386167146974	mostly_gaps;internal_stop	14
KU598864|domestic_dog|2013.500	926	0.7089880578252671	0.0	0.978401727861771	mostly_gaps	0
MT036985|wild_canid|2017.500	743	0.7664990571967316	0.0	0.9784656796769852	mostly_gaps;internal_stop	15
MT036986|wild_canid|2019.500	743	0.7664990571967316	0.0	0.9784656796769852	mostly_gaps;internal_stop	15
KP202310|domestic_dog|2007.500	1122	0.6473915776241358	0.0	0.9786096256684492	mostly_gaps	0
KP202312|domestic_dog|2007.500	1122	0.6473915776241358	0.0	0.9786096256684492	mostly_gaps	0
HM563059|domestic_dog|2007.096	1824	0.42677561282212445	0.0	0.9786184210526315		0
GQ214375|domestic_dog|2003.500	800	0.748585795097423	0.0	0.97875	mostly_gaps	0
KX897610|ailurid|2015.871	1824	0.42677561282212445	0.0	0.9791666666666666		0
HM563057|wild_canid|1998.088	1815	0.4296040226272784	0.0	0.9796143250688705		0
JX912967|domestic_dog|2008.500	694	0.7818981772470145	0.0	0.9798270893371758	mostly_gaps;internal_stop	14
JX912974|domestic_dog|2012.500	694	0.7818981772470145	0.0	0.9798270893371758	mostly_gaps;internal_stop	14
KX897611|ailurid|2015.907	1824	0.42677561282212445	0.0	0.9802631578947368		0
MZ758897|domestic_dog|2020.388	761	0.7608422375864237	0.0	0.9802890932982917	mostly_gaps;internal_stop	16
GQ214376|domestic_dog|2002.500	1824	0.42677561282212445	0.0	0.9808114035087719		0
GQ214384|domestic_dog|2002.500	1824	0.42677561282212445	0.0	0.9808114035087719		0
GQ214380|domestic_dog|2002.500	1824	0.42677561282212445	0.0	0.9808114035087719		0
GQ214381|domestic_dog|2002.500	800	0.748585795097423	0.0	0.98125	mostly_gaps	0
GQ214379|domestic_dog|2002.500	800	0.748585795097423	0.0	0.98125	mostly_gaps	0
GQ214377|domestic_dog|2002.500	800	0.748585795097423	0.0	0.98125	mostly_gaps	0
GQ214382|domestic_dog|2002.500	800	0.748585795097423	0.0	0.98125	mostly_gaps	0
PX734742|domestic_dog|2008.500	1824	0.42677561282212445	0.0	0.981359649122807		0
MZ758892|domestic_dog|2019.718	762	0.7605279698302954	0.0	0.9816272965879265	mostly_gaps;internal_stop	16
MZ758890|domestic_dog|2017.500	762	0.7605279698302954	0.0	0.9816272965879265	mostly_gaps;internal_stop	16
GQ214378|domestic_dog|2002.500	1824	0.42677561282212445	0.0	0.9819078947368421		0
KX897609|ailurid|2015.858	1824	0.42677561282212445	0.0	0.9819078947368421		0
MZ758895|domestic_dog|2019.734	762	0.7605279698302954	0.0	0.9829396325459318	mostly_gaps;internal_stop	16
MZ758891|domestic_dog|2019.542	762	0.7605279698302954	0.0	0.9829396325459318	mostly_gaps;internal_stop	16
MZ758893|domestic_dog|2019.721	763	0.7602137020741672	0.0	0.9829619921363041	mostly_gaps	0
MT932504|wild_felid|1992.667	1824	0.42677561282212445	0.0	0.9830043859649122		0
EU716337|domestic_dog|2004.675	1824	0.42677561282212445	0.0	0.9835526315789473		0
MT932511|wild_felid|1992.787	1824	0.42677561282212445	0.0	0.9835526315789473		0
MT932505|procyonid|1992.000	1824	0.42677561282212445	0.0	0.9841008771929824		0
MZ758894|domestic_dog|2019.721	762	0.7605279698302954	0.0	0.984251968503937	mostly_gaps;internal_stop	16
JQ732170|wild_canid|2005.500	1824	0.42677561282212445	0.0	0.9846491228070176		0
MW036816|wild_canid|2018.500	473	0.8513513513513513	0.0	0.985200845665962	mostly_gaps	0
MW036815|wild_canid|2019.500	473	0.8513513513513513	0.0	0.985200845665962	mostly_gaps	0
MW036814|wild_canid|2018.500	473	0.8513513513513513	0.0	0.985200845665962	mostly_gaps	0
MW036807|mustelid|2019.500	473	0.8513513513513513	0.0	0.985200845665962	mostly_gaps	0
MW036813|wild_canid|2019.500	473	0.8513513513513513	0.0	0.985200845665962	mostly_gaps	0
MW036810|wild_canid|2019.500	473	0.8513513513513513	0.0	0.985200845665962	mostly_gaps	0
MW036811|wild_canid|2018.500	473	0.8513513513513513	0.0	0.985200845665962	mostly_gaps	0
MW036812|wild_canid|2018.500	473	0.8513513513513513	0.0	0.985200845665962	mostly_gaps	0
MW036822|wild_canid|2020.500	473	0.8513513513513513	0.0	0.985200845665962	mostly_gaps	0
MW036821|wild_canid|2019.500	473	0.8513513513513513	0.0	0.985200845665962	mostly_gaps	0
MW036789|wild_canid|2019.500	473	0.8513513513513513	0.0	0.985200845665962	mostly_gaps	0
MW036792|wild_canid|2018.500	473	0.8513513513513513	0.0	0.985200845665962	mostly_gaps	0
MW036793|wild_canid|2018.500	473	0.8513513513513513	0.0	0.985200845665962	mostly_gaps	0
MW036790|wild_canid|2018.500	473	0.8513513513513513	0.0	0.985200845665962	mostly_gaps	0
MW036791|wild_canid|2019.500	473	0.8513513513513513	0.0	0.985200845665962	mostly_gaps	0
MW036788|wild_canid|2018.500	473	0.8513513513513513	0.0	0.985200845665962	mostly_gaps	0
MW036803|wild_canid|2009.500	473	0.8513513513513513	0.0	0.985200845665962	mostly_gaps	0
MW036774|mustelid|2019.500	473	0.8513513513513513	0.0	0.985200845665962	mostly_gaps	0
MW036775|wild_canid|2019.500	473	0.8513513513513513	0.0	0.985200845665962	mostly_gaps	0
MW036778|wild_canid|2018.500	473	0.8513513513513513	0.0	0.985200845665962	mostly_gaps	0
MW036779|wild_canid|2019.500	473	0.8513513513513513	0.0	0.985200845665962	mostly_gaps	0
MW036780|wild_canid|2020.500	473	0.8513513513513513	0.0	0.985200845665962	mostly_gaps	0
MW036783|mustelid|2019.500	473	0.8513513513513513	0.0	0.985200845665962	mostly_gaps	0
MW036802|mustelid|2019.500	473	0.8513513513513513	0.0	0.985200845665962	mostly_gaps	0
MW036823|wild_canid|2020.500	473	0.8513513513513513	0.0	0.985200845665962	mostly_gaps	0
MW036794|wild_canid|2018.500	473	0.8513513513513513	0.0	0.985200845665962	mostly_gaps	0
MW036819|wild_canid|2019.500	473	0.8513513513513513	0.0	0.985200845665962	mostly_gaps	0
MW036818|wild_canid|2018.500	473	0.8513513513513513	0.0	0.985200845665962	mostly_gaps	0
MW036795|wild_canid|2018.500	473	0.8513513513513513	0.0	0.985200845665962	mostly_gaps	0
JX912968|domestic_dog|2008.500	1803	0.4333752357008171	0.0	0.9872434830837493		0
OQ282901|domestic_dog|2021.003	1796	0.4355751099937146	0.0	0.9894209354120267	internal_stop	39
MT448054|viverrid|2019.500	1824	0.42677561282212445	0.0	0.9895833333333334		0
JX886780|domestic_dog|2011.500	1544	0.5147705845380264	0.0	0.9902849740932642	mostly_gaps	0
GQ214371|domestic_dog|2007.500	800	0.748585795097423	0.0	0.99125	mostly_gaps	0
OQ282900|domestic_dog|2021.003	1796	0.4355751099937146	0.0	0.9916481069042317	internal_stop	39
OQ282902|domestic_dog|2021.003	1796	0.4355751099937146	0.0	0.9916481069042317	internal_stop	39
LC498611|wild_canid|2017.874	1824	0.42677561282212445	0.0	0.9917763157894737		0
MN698648|domestic_dog|2019.500	1824	0.42677561282212445	0.0	0.9923245614035088		0
OR786471|domestic_dog|2023.500	1344	0.5776241357636707	0.0	0.9933035714285714	mostly_gaps	0
